Year,Rnd,Pick,,Pos,To,AP1,PB,St,CarAV,G,Cmp,Att,Yds,TD,Int,Att,Yds,TD,Rec,Yds,TD,Int,Sk,College/Univ
2012,1,16,Quinton Coples,DE,2012,0,0,0,3,16,,,,,,,,,,,,,5.5,North Carolina
2012,2,43,Stephen Hill,WR,2012,0,0,1,2,11,,,,,,,,,21,252,3,,,Georgia Tech
2012,3,77,Demario Davis,OLB,2012,0,0,0,3,16,,,,,,,,,,,,,,Arkansas St.
2012,6,187,Josh Bush,S,2012,0,0,0,1,16,,,,,,,,,,,,,,Wake Forest
2012,6,202,Terrance Ganaway,RB,2012,0,0,0,0,3,,,,,,,,,,,,,,Baylor
2012,6,203,Robert T. Griffin,G,,0,0,0,,,,,,,,,,,,,,,,Baylor
2012,7,242,Antonio Allen,SS,2012,0,0,0,1,7,,,,,,,,,,,,,1.0,South Carolina
2012,7,244,Jordan White,WR,2012,0,0,0,0,2,,,,,,,,,1,13,0,,,
,,,,,,,,,,,Passing,Passing,Passing,Passing,Passing,Rushing,Rushing,Rushing,Receiving,Receiving,Receiving,,,
Year,Rnd,Pick,,Pos,To,AP1,PB,St,CarAV,G,Cmp,Att,Yds,TD,Int,Att,Yds,TD,Rec,Yds,TD,Int,Sk,College/Univ
2011,1,30,Muhammad Wilkerson,DT,2012,0,0,2,19,32,,,,,,,,,,,,,8.0,Temple
2011,3,94,Kenrick Ellis,DL,2012,0,0,0,3,17,,,,,,,,,,,,,,Hampton
2011,4,126,Bilal Powell,RB,2012,0,0,0,3,16,,,,,,123,458,4,18,147,0,,,Louisville
2011,5,153,Jeremy Kerley,WR,2012,0,0,0,10,30,2,2,83,0,0,10,36,0,85,1141,3,,,TCU
2011,7,208,Greg McElroy,QB,2012,0,0,0,1,2,19,31,214,1,1,8,30,0,,,,,,Alabama
2011,7,227,Scotty McKnight,WR,2011,0,0,0,0,0,,,,,,,,,,,,,,Colorado
,,,,,,,,,,,Passing,Passing,Passing,Passing,Passing,Rushing,Rushing,Rushing,Receiving,Receiving,Receiving,,,
Year,Rnd,Pick,,Pos,To,AP1,PB,St,CarAV,G,Cmp,Att,Yds,TD,Int,Att,Yds,TD,Rec,Yds,TD,Int,Sk,College/Univ
2010,1,29,Kyle Wilson,DB,2012,0,0,1,12,48,,,,,,,,,,,,3,,Boise St.
2010,2,61,Vlad Ducasse,T,2012,0,0,0,1,34,,,,,,,,,,,,,,Massachusetts
2010,4,112,Joe McKnight,RB,2012,0,0,0,6,39,,,,,,112,502,0,17,177,0,,,USC
2010,5,139,John Conner,RB,2012,0,0,0,2,34,,,,,,21,88,2,4,18,0,,,Kentucky
,,,,,,,,,,,Passing,Passing,Passing,Passing,Passing,Rushing,Rushing,Rushing,Receiving,Receiving,Receiving,,,
Year,Rnd,Pick,,Pos,To,AP1,PB,St,CarAV,G,Cmp,Att,Yds,TD,Int,Att,Yds,TD,Rec,Yds,TD,Int,Sk,College/Univ
2009,1,5,Mark Sanchez,QB,2012,0,0,4,27,62,1028,1867,12092,68,69,125,342,12,,,,,,USC
2009,3,65,Shonn Greene,RB,2012,0,0,2,20,61,,,,,,822,3423,18,65,482,0,,,Iowa
2009,6,193,Matt Slauson,G,2012,0,0,3,15,48,,,,,,,,,1,1,0,,,Nebraska
,,,,,,,,,,,Passing,Passing,Passing,Passing,Passing,Rushing,Rushing,Rushing,Receiving,Receiving,Receiving,,,
Year,Rnd,Pick,,Pos,To,AP1,PB,St,CarAV,G,Cmp,Att,Yds,TD,Int,Att,Yds,TD,Rec,Yds,TD,Int,Sk,College/Univ
2008,1,6,Vernon Gholston,DE,2010,0,0,0,6,45,,,,,,,,,,,,,,Ohio St.
2008,1,30,Dustin Keller,TE,2012,0,0,3,28,72,,,,,,1,7,0,241,2876,17,,,Purdue
2008,4,113,Dwight Lowery,DB,2012,0,0,3,20,65,,,,,,,,,,,,10,3.0,San Jose St.
2008,5,162,Erik Ainge,QB,,0,0,0,,,,,,,,,,,,,,,,Tennessee
2008,6,171,Marcus Henry,WR,,0,0,0,,,,,,,,,,,,,,,,Kansas
2008,7,211,Nate Garner,T,2012,0,0,0,8,48,,,,,,,,,,,,,,Arkansas
,,,,,,,,,,,Passing,Passing,Passing,Passing,Passing,Rushing,Rushing,Rushing,Receiving,Receiving,Receiving,,,
Year,Rnd,Pick,,Pos,To,AP1,PB,St,CarAV,G,Cmp,Att,Yds,TD,Int,Att,Yds,TD,Rec,Yds,TD,Int,Sk,College/Univ
2007,1,14,Darrelle Revis,DB,2012,3,4,5,66,79,,,,,,,,,,,,19,1.0,Pittsburgh
2007,2,47,David Harris,LB,2012,0,0,6,54,91,,,,,,,,,,,,6,22.5,Michigan
2007,6,177,Jacob Bender,T,2007,0,0,0,0,2,,,,,,,,,,,,,,Nicholls St.
2007,7,235,Chansi Stuckey,WR,2011,0,0,0,12,55,,,,,,6,16,1,106,1062,5,,,Clemson
,,,,,,,,,,,Passing,Passing,Passing,Passing,Passing,Rushing,Rushing,Rushing,Receiving,Receiving,Receiving,,,
Year,Rnd,Pick,,Pos,To,AP1,PB,St,CarAV,G,Cmp,Att,Yds,TD,Int,Att,Yds,TD,Rec,Yds,TD,Int,Sk,College/Univ
2006,1,4,D'Brickashaw Ferguson,T,2012,0,3,7,47,112,,,,,,,,,,,,,,Virginia
2006,1,29,Nick Mangold,C,2012,2,4,7,49,110,,,,,,,,,1,-3,0,,,Ohio St.
2006,2,49,Kellen Clemens,QB,2012,0,0,1,4,30,196,378,2271,7,13,54,170,3,,,,,,Oregon
2006,3,76,Anthony Schlegel,LB,2007,0,0,0,2,17,,,,,,,,,,,,,,Ohio St.
2006,3,97,Eric Smith,DB,2012,0,0,1,18,96,,,,,,,,,1,27,0,6,3.5,Michigan St.
2006,4,103,Brad Smith,QB,2012,0,0,1,17,106,4,9,51,1,2,132,970,4,101,949,5,,,Missouri
2006,4,117,Leon Washington,RB,2012,1,2,1,30,103,1,1,36,0,0,473,2213,16,146,1127,2,,,Florida St.
2006,5,150,Jason Pociask,TE,2007,0,0,0,0,4,,,,,,,,,1,7,0,,,Wisconsin
2006,6,189,Drew Coleman,DB,2011,0,0,0,11,83,,,,,,,,,,,,4,8.0,TCU
2006,7,220,Titus Adams,DT,2009,0,0,0,0,2,,,,,,,,,,,,,,Nebraska
,,,,,,,,,,,Passing,Passing,Passing,Passing,Passing,Rushing,Rushing,Rushing,Receiving,Receiving,Receiving,,,
Year,Rnd,Pick,,Pos,To,AP1,PB,St,CarAV,G,Cmp,Att,Yds,TD,Int,Att,Yds,TD,Rec,Yds,TD,Int,Sk,College/Univ
2005,2,47,Mike Nugent,K,2012,0,0,4,0,93,,,,,,,,,,,,,,Ohio St.
2005,2,57,Justin Miller,DB,2012,0,1,0,16,46,,,,,,,,,,,,,,Clemson
2005,3,88,Sione Pouha,DT,2012,0,0,3,36,106,,,,,,,,,,,,,4.5,Utah
2005,4,123,Kerry Rhodes,DB,2012,0,0,7,48,118,,,,,,,,,,,,23,13.0,Louisville
2005,5,161,Andre Maddox,DB,,0,0,0,,,,,,,,,,,,,,,,North Carolina St.
2005,6,182,Cedric Houston,RB,2006,0,0,0,5,20,,,,,,194,676,7,15,109,0,,,Tennessee
2005,6,198,Joel Dreessen,TE,2012,0,0,4,25,107,,,,,,,,,151,1720,18,,,Colorado St.
2005,7,240,Harry Williams Jr.,WR,2007,0,0,0,0,3,,,,,,,,,,,,,,Tuskegee
,,,,,,,,,,,Passing,Passing,Passing,Passing,Passing,Rushing,Rushing,Rushing,Receiving,Receiving,Receiving,,,
Year,Rnd,Pick,,Pos,To,AP1,PB,St,CarAV,G,Cmp,Att,Yds,TD,Int,Att,Yds,TD,Rec,Yds,TD,Int,Sk,College/Univ
2004,1,12,Jonathan Vilma,LB,2012,0,3,7,58,124,,,,,,,,,,,,12,10.5,Miami (FL)
2004,3,76,Derrick Strait,DB,2006,0,0,0,4,29,,,,,,,,,,,,,,Oklahoma
2004,4,108,Jerricho Cotchery,WR,2012,0,0,4,40,129,,,,,,20,82,1,391,4956,20,,,North Carolina St.
2004,4,132,Adrian Jones,T,2008,0,0,2,12,55,,,,,,,,,,,,,,Kansas
2004,5,143,Erik Coleman,DB,2012,0,0,6,34,123,,,,,,,,,,,,11,2.0,Washington St.
2004,6,178,Marko Cavka,T,,0,0,0,,,,,,,,,,,,,,,,Sacramento St.
2004,7,213,Darrell McClover,LB,2009,0,0,0,4,51,,,,,,,,,,,,,,Miami (FL)
2004,7,234,Trevor Johnson,DE,2007,0,0,0,4,35,,,,,,,,,,,,,,Nebraska
2004,7,236,Rashad Washington,DB,2007,0,0,0,3,47,,,,,,,,,,,,,1.5,Kansas St.
,,,,,,,,,,,Passing,Passing,Passing,Passing,Passing,Rushing,Rushing,Rushing,Receiving,Receiving,Receiving,,,
Year,Rnd,Pick,,Pos,To,AP1,PB,St,CarAV,G,Cmp,Att,Yds,TD,Int,Att,Yds,TD,Rec,Yds,TD,Int,Sk,College/Univ
2003,1,4,Dewayne Robertson,DT,2008,0,0,6,34,92,,,,,,,,,,,,,16.0,Kentucky
2003,2,53,Victor Hobson,LB,2008,0,0,4,25,79,,,,,,,,,,,,3,11.0,Michigan
2003,3,85,B.J. Askew,FB,2009,0,0,1,8,83,,,,,,35,116,2,45,317,0,,,Michigan
2003,5,140,Derek Pagel,DB,2004,0,0,0,1,19,,,,,,,,,,,,,,Iowa
2003,5,150,Matt Walters,DE,2003,0,0,0,1,11,,,,,,,,,,,,,,Miami (FL)
2003,6,200,Brooks Bollinger,QB,2008,0,0,1,6,21,211,360,2226,9,9,41,155,0,,,,,,Wisconsin
2003,7,237,Dave Yovanovits,G,2005,0,0,0,0,6,,,,,,,,,,,,,,Temple
,,,,,,,,,,,Passing,Passing,Passing,Passing,Passing,Rushing,Rushing,Rushing,Receiving,Receiving,Receiving,,,
Year,Rnd,Pick,,Pos,To,AP1,PB,St,CarAV,G,Cmp,Att,Yds,TD,Int,Att,Yds,TD,Rec,Yds,TD,Int,Sk,College/Univ
2002,1,22,Bryan Thomas,DE,2012,0,0,7,50,157,,,,,,,,,,,,,33.5,Ala-Birmingham
2002,2,57,Jon McGraw,DB,2011,0,0,2,18,122,,,,,,2,8,0,,,,10,2.0,Kansas St.
2002,3,88,Chris Baker,TE,2010,0,0,5,25,131,,,,,,,,,168,1763,15,,,Michigan St.
2002,4,121,Alan Harper,DT,2004,0,0,0,1,11,,,,,,,,,,,,,,Fresno St.
2002,5,154,Jonathan Goodwin,G,2012,0,1,6,39,164,,,,,,,,,,,,,,Michigan
,,,,,,,,,,,Passing,Passing,Passing,Passing,Passing,Rushing,Rushing,Rushing,Receiving,Receiving,Receiving,,,
Year,Rnd,Pick,,Pos,To,AP1,PB,St,CarAV,G,Cmp,Att,Yds,TD,Int,Att,Yds,TD,Rec,Yds,TD,Int,Sk,College/Univ
2001,1,16,Santana Moss,WR,2012,0,1,9,71,171,,,,,,48,262,0,680,9715,64,,,Miami (FL)
2001,2,49,LaMont Jordan,RB,2009,0,0,2,31,114,0,2,0,0,1,897,3734,28,158,1301,3,,,Maryland
2001,3,79,Kareem McKenzie,T,2011,0,0,10,60,161,,,,,,,,,,,,,,Penn St.
2001,4,101,Jamie Henderson,DB,2003,0,0,0,2,32,,,,,,,,,,,,1,,Georgia
2001,7,206,James Reed,DT,2007,0,0,2,20,99,,,,,,,,,,,,,7.0,Iowa St.
2001,7,217,Tupe Peko,G,2004,0,0,0,7,27,,,,,,,,,,,,,,Michigan St.
,,,,,,,,,,,Passing,Passing,Passing,Passing,Passing,Rushing,Rushing,Rushing,Receiving,Receiving,Receiving,,,
Year,Rnd,Pick,,Pos,To,AP1,PB,St,CarAV,G,Cmp,Att,Yds,TD,Int,Att,Yds,TD,Rec,Yds,TD,Int,Sk,College/Univ
2000,1,12,Shaun Ellis,DE,2011,0,2,10,71,184,,,,,,,,,,,,1,73.5,Tennessee
2000,1,13,John Abraham,DE,2012,2,4,10,88,175,,,,,,,,,,,,1,122.0,South Carolina
2000,1,18,Chad Pennington,QB,2010,0,0,5,55,89,1632,2471,17823,102,64,180,465,7,,,,,,Marshall
2000,1,27,Anthony Becht,TE,2011,0,0,9,25,167,,,,,,,,,188,1537,21,,,West Virginia
2000,3,78,Laveranues Coles,WR,2009,0,1,9,67,153,,,,,,37,231,0,674,8609,49,,,Florida St.
2000,5,143,Windrell Hayes,WR,2001,0,0,0,1,9,,,,,,1,2,0,6,126,0,,,USC
2000,6,179,Tony Scott,DB,2001,0,0,0,2,23,,,,,,,,,,,,1,,North Carolina St.
2000,7,218,Richard Seals,DT,,0,0,0,,,,,,,,,,,,,,,,Utah
,,,,,,,,,,,Passing,Passing,Passing,Passing,Passing,Rushing,Rushing,Rushing,Receiving,Receiving,Receiving,,,
Year,Rnd,Pick,,Pos,To,AP1,PB,St,CarAV,G,Cmp,Att,Yds,TD,Int,Att,Yds,TD,Rec,Yds,TD,Int,Sk,College/Univ
1999,2,57,Randy Thomas,G,2009,0,0,9,41,143,,,,,,,,,,,,,,Mississippi St.
1999,3,90,David Loverne,G,2004,0,0,2,10,63,,,,,,,,,,,,,,San Jose St.
1999,4,123,Jason Wiltz,DT,2000,0,0,0,4,27,,,,,,,,,,,,2,2.0,Nebraska
1999,5,162,Jermaine Jones,DB,2002,0,0,0,0,3,,,,,,,,,,,,,,
1999,6,183,Marc Megna,LB,2000,0,0,0,0,6,,,,,,,,,,,,,,Richmond
1999,6,197,J.P. Machado,G,2003,0,0,1,10,69,,,,,,,,,,,,,,Illinois
1999,7,223,Ryan Young,T,2003,0,0,3,21,68,,,,,,,,,,,,,,Kansas St.
1999,7,235,J.J. Syvrud,LB,1999,0,0,0,0,1,,,,,,,,,,,,,,Jamestown
,,,,,,,,,,,Passing,Passing,Passing,Passing,Passing,Rushing,Rushing,Rushing,Receiving,Receiving,Receiving,,,
Year,Rnd,Pick,,Pos,To,AP1,PB,St,CarAV,G,Cmp,Att,Yds,TD,Int,Att,Yds,TD,Rec,Yds,TD,Int,Sk,College/Univ
1998,2,56,Dorian Boose,DE,2001,0,0,0,4,41,,,,,,,,,,,,,,Washington St.
1998,3,67,Scott Frost,DB,2003,0,0,0,5,59,,,,,,1,1,0,,,,1,1.0,Nebraska
1998,3,87,Kevin Williams,DB,2002,0,0,0,12,43,,,,,,,,,,,,1,,Oklahoma St.
1998,4,111,Jason Fabini,T,2008,0,0,9,51,152,,,,,,,,,,,,,,Cincinnati
1998,5,134,Casey Dailey,LB,1999,0,0,0,0,6,,,,,,,,,,,,,,Northwestern
1998,5,141,Doug Karczewski,G,,0,0,0,,,,,,,,,,,,,,,,Virginia
1998,5,146,Blake Spence,TE,2000,0,0,0,1,18,,,,,,,,,4,20,1,,,Oregon
1998,5,149,Eric Bateman,T,,0,0,0,,,,,,,,,,,,,,,,BYU
1998,6,163,Eric Ogbogu,DE,2005,0,0,0,11,90,,,,,,,,,,,,,9.0,Maryland
1998,6,174,Chris Brazzell,WR,2000,0,0,0,1,14,,,,,,,,,7,126,0,,,
1998,6,183,Dustin Johnson,FB,1999,0,0,0,0,1,,,,,,,,,,,,,,BYU
1998,7,195,Lawrence Hart,TE,2001,0,0,0,0,1,,,,,,,,,,,,,,Saginaw Valley St.
,,,,,,,,,,,Passing,Passing,Passing,Passing,Passing,Rushing,Rushing,Rushing,Receiving,Receiving,Receiving,,,
Year,Rnd,Pick,,Pos,To,AP1,PB,St,CarAV,G,Cmp,Att,Yds,TD,Int,Att,Yds,TD,Rec,Yds,TD,Int,Sk,College/Univ
1997,1,8,James Farrior,LB,2011,1,2,12,96,230,,,,,,,,,,,,11,35.5,Virginia
1997,2,31,Rick Terry,DT,1999,0,0,0,5,29,,,,,,,,,,,,,4.0,North Carolina
1997,3,88,Dedric Ward,WR,2004,0,0,1,20,103,,,,,,12,86,0,167,2307,12,,,Northern Iowa
1997,4,102,Terry Day,DE,1997,0,0,0,0,1,,,,,,,,,,,,,,Mississippi St.
1997,4,104,Leon Johnson,RB,2003,0,0,0,11,74,2,4,45,0,1,217,799,9,46,489,2,,,North Carolina
1997,5,131,Lamont Burns,G,1997,0,0,0,1,4,,,,,,,,,,,,,,East Carolina
1997,5,145,Raymond Austin,DB,1999,0,0,0,3,43,,,,,,,,,,,,,,Tennessee
1997,6,164,Tim Scharf,LB,,0,0,0,,,,,,,,,,,,,,,,Northwestern
1997,6,191,Chuck Clements,QB,1997,0,0,0,0,1,,,,,,2,-3,0,,,,,,Houston
1997,7,202,Steve Rosga,DB,,0,0,0,,,,,,,,,,,,,,,,Colorado
1997,7,229,Jason Ferguson,DT,2009,0,0,9,50,159,,,,,,,,,,,,,21.5,Georgia
,,,,,,,,,,,Passing,Passing,Passing,Passing,Passing,Rushing,Rushing,Rushing,Receiving,Receiving,Receiving,,,
Year,Rnd,Pick,,Pos,To,AP1,PB,St,CarAV,G,Cmp,Att,Yds,TD,Int,Att,Yds,TD,Rec,Yds,TD,Int,Sk,College/Univ
1996,1,1,Keyshawn Johnson,WR,2006,0,3,11,78,167,0,5,0,0,2,13,91,2,814,10571,64,,,USC
1996,2,31,Alex Van Dyke,WR,2000,0,0,0,1,42,,,,,,,,,26,219,3,,,Nevada-Reno
1996,3,62,Ray Mickens,DB,2006,0,0,2,21,146,,,,,,,,,,,,11,6.0,Texas A&M
1996,5,133,Marcus Coleman,DB,2006,0,0,7,42,152,,,,,,,,,2,51,1,25,,Texas Tech
1996,6,168,Hugh Hunter,DE,,0,0,0,,,,,,,,,,,,,,,,Hampton
1996,7,210,Chris Hayes,DB,2002,0,0,1,8,84,,,,,,,,,,,,1,,Washington St.
,,,,,,,,,,,Passing,Passing,Passing,Passing,Passing,Rushing,Rushing,Rushing,Receiving,Receiving,Receiving,,,
Year,Rnd,Pick,,Pos,To,AP1,PB,St,CarAV,G,Cmp,Att,Yds,TD,Int,Att,Yds,TD,Rec,Yds,TD,Int,Sk,College/Univ
1995,1,9,Kyle Brady,TE,2007,0,0,13,45,197,,,,,,,,,343,3519,25,,,Penn St.
1995,1,16,Hugh Douglas,DE,2004,1,3,7,70,138,,,,,,,,,,,,1,80.0,
1995,2,33,Matt O'Dwyer,G,2004,0,0,7,32,122,,,,,,,,,,,,,,Northwestern
1995,4,106,Melvin Hayes,T,1996,0,0,0,0,4,,,,,,,,,,,,,,Mississippi St.
1995,4,107,Tyrone Davis,TE,2002,0,0,2,14,75,,,,,,,,,73,795,13,,,Virginia
1995,5,142,Carl Greenwood,DB,1996,0,0,0,2,24,,,,,,,,,,,,,,UCLA
1995,6,178,Eddie Mason,LB,2002,0,0,0,6,80,,,,,,,,,,,,,3.0,North Carolina
1995,7,217,Curtis Ceaser,WR,1995,0,0,0,0,4,,,,,,,,,,,,,,Grambling St.
,,,,,,,,,,,Passing,Passing,Passing,Passing,Passing,Rushing,Rushing,Rushing,Receiving,Receiving,Receiving,,,
Year,Rnd,Pick,,Pos,To,AP1,PB,St,CarAV,G,Cmp,Att,Yds,TD,Int,Att,Yds,TD,Rec,Yds,TD,Int,Sk,College/Univ
1994,1,12,Aaron Glenn,DB,2008,0,3,11,71,205,,,,,,,,,,,,41,1.0,Texas A&M
1994,2,41,Ryan Yarborough,WR,1998,0,0,0,2,51,,,,,,,,,44,494,3,,,Wyoming
1994,3,94,Lou Benfatti,DT,1995,0,0,0,1,19,,,,,,,,,,,,,,Penn St.
1994,4,117,Orlando Parker,WR,1994,0,0,0,0,2,,,,,,,,,1,7,0,,,
1994,5,152,Horace Morris,LB,,0,0,0,,,,,,,,,,,,,,,,Tennessee
1994,6,173,Fred Lester,RB,,0,0,0,,,,,,,,,,,,,,,,Alabama A&M
1994,7,208,Glenn Foley,QB,1999,0,0,0,8,21,207,382,2469,12,16,19,32,0,1,-9,0,,,Boston Col.
,,,,,,,,,,,Passing,Passing,Passing,Passing,Passing,Rushing,Rushing,Rushing,Receiving,Receiving,Receiving,,,
Year,Rnd,Pick,,Pos,To,AP1,PB,St,CarAV,G,Cmp,Att,Yds,TD,Int,Att,Yds,TD,Rec,Yds,TD,Int,Sk,College/Univ
1993,1,4,Marvin Jones,LB,2003,0,0,9,52,142,,,,,,,,,,,,5,9.0,Florida St.
1993,2,36,Coleman Rudolph,DE,1996,0,0,0,6,48,,,,,,,,,,,,,5.0,Georgia Tech
1993,4,88,David Ware,T,,0,0,0,,,,,,,,,,,,,,,,Virginia
1993,5,115,Fred Baxter,TE,2003,0,0,3,17,134,,,,,,,,,100,1008,12,,,Auburn
1993,5,120,Adrian Murrell,RB,2003,0,0,5,37,122,,,,,,1375,5199,23,214,1369,5,,,West Virginia
1993,5,129,Kenny Shedd,WR,2000,0,0,0,2,60,,,,,,,,,16,252,1,,,Northern Iowa
1993,6,144,Richie Anderson,FB,2004,0,1,6,39,161,1,4,26,1,0,318,1274,4,400,3149,14,,,Penn St.
1993,7,171,Alec Millen,T,,0,0,0,,,,,,,,,,,,,,,,Georgia
1993,8,200,Craig Hentrich,P,2009,1,2,15,0,241,7,16,91,0,1,9,-1,0,,,,,,Notre Dame
,,,,,,,,,,,Passing,Passing,Passing,Passing,Passing,Rushing,Rushing,Rushing,Receiving,Receiving,Receiving,,,
Year,Rnd,Pick,,Pos,To,AP1,PB,St,CarAV,G,Cmp,Att,Yds,TD,Int,Att,Yds,TD,Rec,Yds,TD,Int,Sk,College/Univ
1992,1,15,Johnny Mitchell,TE,1996,0,0,2,21,57,,,,,,,,,159,2103,16,,,Nebraska
1992,2,42,Kurt Barber,LB,1995,0,0,0,4,50,,,,,,,,,,,,,3.5,USC
1992,3,68,Siupeli Malamala,T,1999,0,0,2,17,62,,,,,,,,,,,,,,Washington
1992,4,96,Keo Coleman,LB,1993,0,0,0,2,18,,,,,,,,,,,,,,Mississippi St.
1992,5,127,Cal Dixon,C,1996,0,0,1,6,66,,,,,,,,,,,,,,Florida
1992,6,154,Glenn Cadrez,LB,2002,0,0,2,29,167,,,,,,,,,,,,3,14.5,Houston
1992,6,166,Jeff Blake,QB,2005,0,1,8,68,120,1827,3241,21711,134,99,418,2027,14,,,,,,East Carolina
1992,8,219,Vincent Brownlee,WR,,0,0,0,,,,,,,,,,,,,,,,Mississippi
1992,10,266,Mario Johnson,DT,1993,0,0,0,1,20,,,,,,,,,,,,,2.0,Missouri
1992,11,293,Eric Boles,WR,,0,0,0,,,,,,,,,,,,,,,,Central Washington
,,,,,,,,,,,Passing,Passing,Passing,Passing,Passing,Rushing,Rushing,Rushing,Receiving,Receiving,Receiving,,,
Year,Rnd,Pick,,Pos,To,AP1,PB,St,CarAV,G,Cmp,Att,Yds,TD,Int,Att,Yds,TD,Rec,Yds,TD,Int,Sk,College/Univ
1991,2,34,Browning Nagle,QB,1996,0,0,1,5,24,213,437,2489,8,20,26,68,0,,,,,,Louisville
1991,3,63,Mo Lewis,LB,2003,1,3,13,89,200,,,,,,1,3,0,,,,14,52.5,Georgia
1991,4,94,Mark Gunn,DT,1996,0,0,1,14,69,,,,,,,,,,,,,4.5,Pittsburgh
1991,6,148,Blaise Bryant,RB,,0,0,0,,,,,,,,,,,,,,,,Iowa St.
1991,6,160,Mike Riley,DB,,0,0,0,,,,,,,,,,,,,,,,Tulane
1991,7,175,Doug Parrish,DB,,0,0,0,,,,,,,,,,,,,,,,San Francisco St.
1991,8,202,Tim James,DB,,0,0,0,,,,,,,,,,,,,,,,Colorado
1991,9,234,Paul Glonek,DT,,0,0,0,,,,,,,,,,,,,,,,Arizona
1991,10,261,Al Baker,RB,,0,0,0,,,,,,,,,,,,,,,,Kentucky
1991,11,288,Rocen Keeton,LB,,0,0,0,,,,,,,,,,,,,,,,UCLA
1991,12,315,Mark Hayes,T,,0,0,0,,,,,,,,,,,,,,,,Arizona St.
,,,,,,,,,,,Passing,Passing,Passing,Passing,Passing,Rushing,Rushing,Rushing,Receiving,Receiving,Receiving,,,
Year,Rnd,Pick,,Pos,To,AP1,PB,St,CarAV,G,Cmp,Att,Yds,TD,Int,Att,Yds,TD,Rec,Yds,TD,Int,Sk,College/Univ
1990,1,2,Blair Thomas,RB,1995,0,0,3,22,64,1,1,16,1,0,533,2236,7,71,513,2,,,Penn St.
1990,2,28,Reggie Rembert,WR,1993,0,0,0,5,28,,,,,,,,,36,437,1,,,West Virginia
1990,3,56,Tony Stargell,DB,1997,0,0,1,16,94,,,,,,,,,,,,6,1.0,Tennessee St.
1990,4,84,Troy Taylor,QB,1991,0,0,0,0,7,12,20,125,2,1,9,43,1,,,,,,California
1990,5,112,Tony Savage,NT,1992,0,0,0,0,5,,,,,,,,,,,,,,Washington St.
1990,5,134,Robert McWright,DB,,0,0,0,,,,,,,,,,,,,,,,TCU
1990,6,140,Terance Mathis,WR,2002,0,1,8,65,206,,,,,,14,97,2,689,8809,63,,,New Mexico
1990,7,167,Dwayne White,G,1996,0,0,6,32,105,,,,,,,,,,,,,,Alcorn St.
1990,7,168,Basil Proctor,LB,,0,0,0,,,,,,,,,,,,,,,,West Virginia
1990,8,196,Roger Duffy,G,2001,0,0,5,31,175,,,,,,,,,,,,,,Penn St.
1990,9,223,Dale Dawkins,WR,1993,0,0,0,1,36,,,,,,,,,8,106,0,,,Miami (FL)
1990,10,251,Brad Quast,LB,,0,0,0,,,,,,,,,,,,,,,,Iowa
1990,11,279,Derrick Kelson,DB,,0,0,0,,,,,,,,,,,,,,,,Purdue
1990,12,306,Darrell Davis,DE,1991,0,0,0,3,28,,,,,,,,,,,,,6.0,TCU
,,,,,,,,,,,Passing,Passing,Passing,Passing,Passing,Rushing,Rushing,Rushing,Receiving,Receiving,Receiving,,,
Year,Rnd,Pick,,Pos,To,AP1,PB,St,CarAV,G,Cmp,Att,Yds,TD,Int,Att,Yds,TD,Rec,Yds,TD,Int,Sk,College/Univ
1989,1,14,Jeff Lageman,DE,1998,0,0,7,44,122,,,,,,1,-5,0,,,,1,47.0,Virginia
1989,2,42,Dennis Byrd,DT,1992,0,0,2,19,57,,,,,,,,,,,,,28.0,Tulsa
1989,3,70,Joe Mott,LB,1993,0,0,1,7,34,,,,,,,,,,,,,,Iowa
1989,4,98,Ron Stallworth,DE,1990,0,0,1,10,32,,,,,,,,,,,,,3.0,Auburn
1989,5,126,Tony Martin,WR,2001,0,1,6,66,177,0,4,0,0,1,6,-3,0,593,9065,56,,,Mesa
1989,6,151,Marvin Washington,DE,1999,0,0,6,44,155,,,,,,,,,,,,1,40.5,Idaho
1989,6,153,Titus Dixon,WR,1989,0,0,0,0,4,,,,,,,,,,,,,,
1989,7,181,Stevon Moore,DB,1999,0,0,6,38,121,,,,,,,,,,,,10,3.0,Mississippi
1989,8,209,A.B. Brown,RB,1992,0,0,0,0,33,,,,,,40,117,1,8,40,0,,,West Virginia
1989,9,237,Pat Marlatt,DT,,0,0,0,,,,,,,,,,,,,,,,West Virginia
1989,10,265,Adam Bob,LB,1989,0,0,0,0,5,,,,,,,,,,,,,,Texas A&M
1989,11,293,Artie Holmes,DB,,0,0,0,,,,,,,,,,,,,,,,Washington St.
1989,12,321,Willie Snead,WR,,0,0,0,,,,,,,,,,,,,,,,Florida
,,,,,,,,,,,Passing,Passing,Passing,Passing,Passing,Rushing,Rushing,Rushing,Receiving,Receiving,Receiving,,,
Year,Rnd,Pick,,Pos,To,AP1,PB,St,CarAV,G,Cmp,Att,Yds,TD,Int,Att,Yds,TD,Rec,Yds,TD,Int,Sk,College/Univ
1988,1,8,Dave Cadigan,G,1994,0,0,5,23,82,,,,,,,,,,,,,,USC
1988,2,37,Terry Williams,DB,1989,0,0,0,0,11,,,,,,,,,,,,,,Bethune-Cookman
1988,3,63,Erik McMillan,DB,1993,0,2,3,29,86,,,,,,,,,,,,22,5.0,Missouri
1988,3,74,James Hasty,DB,2001,0,2,13,78,206,,,,,,,,,,,,45,10.0,Washington St.
1988,5,119,Mike Withycombe,G,1992,0,0,0,4,30,,,,,,,,,,,,,,Fresno St.
1988,6,146,Paul Frase,DE,1998,0,0,2,24,139,,,,,,,,,,,,,11.0,Syracuse
1988,7,172,Gary Patton,RB,,0,0,0,,,,,,,,,,,,,,,,East. Michigan
1988,8,203,Keith Neubert,TE,1989,0,0,0,3,17,,,,,,,,,28,302,1,,,Nebraska
1988,9,230,Ralph Tamm,G,1999,0,0,2,19,121,,,,,,,,,,,,,,West Chester
1988,10,257,John Booty,DB,1995,0,0,2,22,102,,,,,,,,,1,48,0,14,4.0,TCU
1988,11,287,John Galvin,LB,1991,0,0,0,4,52,,,,,,,,,,,,,,Boston Col.
1988,12,314,Albert Goss,DT,,0,0,0,,,,,,,,,,,,,,,,Jackson St.
,,,,,,,,,,,Passing,Passing,Passing,Passing,Passing,Rushing,Rushing,Rushing,Receiving,Receiving,Receiving,,,
Year,Rnd,Pick,,Pos,To,AP1,PB,St,CarAV,G,Cmp,Att,Yds,TD,Int,Att,Yds,TD,Rec,Yds,TD,Int,Sk,College/Univ
1987,1,21,Roger Vick,RB,1990,0,0,3,12,58,,,,,,333,1289,10,66,469,2,,,Texas A&M
1987,2,42,Alex Gordon,LB,1993,0,0,3,21,96,,,,,,,,,,,,1,12.0,Cincinnati
1987,3,75,Onzy Elam,LB,1989,0,0,0,0,10,,,,,,,,,,,,,,Tennessee St.
1987,5,129,Kirby Jackson,DB,1992,0,0,4,20,70,,,,,,,,,,,,10,1.0,Mississippi St.
1987,6,161,Tracy Martin,WR,1987,0,0,0,0,12,,,,,,,,,,,,,,North Dakota
1987,7,187,Gerald Nichols,DT,1993,0,0,0,13,85,,,,,,,,,,,,,12.5,Florida St.
1987,8,196,Eddie Hunter,RB,1987,0,0,0,4,6,,,,,,56,210,0,7,28,2,,,Virginia Tech
1987,8,214,Mike Rice,P,,0,0,0,,,,,,,,,,,,,,,,Montana
1987,9,241,Ron McLean,NT,1988,0,0,0,0,9,,,,,,,,,,,,,,Cal State-Fullerton
1987,10,268,Sid Lewis,DB,1987,0,0,0,0,2,,,,,,,,,,,,,,Penn St.
1987,11,300,Kirk Timmer,LB,1987,0,0,0,0,1,,,,,,,,,,,,,,Montana St.
1987,12,327,Bill Ransdell,QB,,0,0,0,,,,,,,,,,,,,,,,Kentucky
,,,,,,,,,,,Passing,Passing,Passing,Passing,Passing,Rushing,Rushing,Rushing,Receiving,Receiving,Receiving,,,
Year,Rnd,Pick,,Pos,To,AP1,PB,St,CarAV,G,Cmp,Att,Yds,TD,Int,Att,Yds,TD,Rec,Yds,TD,Int,Sk,College/Univ
1986,1,22,Mike Haight,G,1992,0,0,3,17,63,,,,,,,,,,,,,,Iowa
1986,2,49,Doug Williams,T,1987,0,0,0,6,23,,,,,,,,,,,,,,Texas A&M
1986,3,79,Tim Crawford,LB,1987,0,0,0,2,3,,,,,,,,,,,,,3.0,Texas Tech
1986,4,105,Rogers Alexander,LB,1987,0,0,0,1,4,,,,,,,,,,,,,,Penn St.
1986,5,132,Ron Hadley,LB,1988,0,0,0,2,6,,,,,,,,,,,,,,Washington
1986,7,189,Bob White,C,1989,0,0,0,4,24,,,,,,,,,,,,,,Rhode Island
1986,8,215,Robert Ducksworth,DB,1986,0,0,0,0,2,,,,,,,,,,,,,,Southern Miss
1986,9,245,Nuu Faaola,RB,1989,0,0,0,0,52,,,,,,20,71,2,2,24,0,,,Hawaii
1986,10,272,Carl Carr,LB,1987,0,0,0,1,3,,,,,,,,,,,,,2.0,North Carolina
1986,11,299,Vince Amoia,RB,,0,0,0,,,,,,,,,,,,,,,,Arizona St.
1986,12,328,Sal Cesario,T,1987,0,0,0,2,3,,,,,,,,,,,,,,Cal Poly-San Luis Obispo
,,,,,,,,,,,Passing,Passing,Passing,Passing,Passing,Rushing,Rushing,Rushing,Receiving,Receiving,Receiving,,,
Year,Rnd,Pick,,Pos,To,AP1,PB,St,CarAV,G,Cmp,Att,Yds,TD,Int,Att,Yds,TD,Rec,Yds,TD,Int,Sk,College/Univ
1985,1,10,Al Toon,WR,1992,1,3,8,54,107,1,3,27,0,0,4,7,0,517,6605,31,,,Wisconsin
1985,2,40,Lester Lyles,DB,1990,0,0,1,13,63,,,,,,,,,,,,10,5.0,Virginia
1985,3,67,Donnie Elder,DB,1991,0,0,0,8,82,,,,,,,,,,,,6,1.5,Memphis
1985,4,94,Doug Allen,WR,,0,0,0,,,,,,,,,,,,,,,,Arizona St.
1985,5,120,Troy Benson,LB,1989,0,0,3,17,58,,,,,,,,,,,,1,2.0,Pittsburgh
1985,5,124,Brian Luft,DT,,0,0,0,,,,,,,,,,,,,,,,USC
1985,5,134,Tony Smith,WR,,0,0,0,,,,,,,,,,,,,,,,San Jose St.
1985,6,151,Jeff Deaton,G,,0,0,0,,,,,,,,,,,,,,,,Stanford
1985,6,166,Rich Miano,DB,1995,0,0,4,27,135,,,,,,,,,,,,15,0.5,Hawaii
1985,8,208,Matt Monger,LB,1990,0,0,0,6,56,,,,,,,,,,,,,,Oklahoma St.
1985,9,235,Mike Waters,TE,1987,0,0,0,3,10,,,,,,5,8,0,7,167,1,,,San Diego St.
1985,10,262,Kerry Glenn,DB,1992,0,0,0,10,74,,,,,,,,,,,,7,2.0,Minnesota
1985,11,292,Brad White,DE,,0,0,0,,,,,,,,,,,,,,,,Texas Tech
1985,12,319,Bill Wallace,WR,,0,0,0,,,,,,,,,,,,,,,,Pittsburgh
,,,,,,,,,,,Passing,Passing,Passing,Passing,Passing,Rushing,Rushing,Rushing,Receiving,Receiving,Receiving,,,
Year,Rnd,Pick,,Pos,To,AP1,PB,St,CarAV,G,Cmp,Att,Yds,TD,Int,Att,Yds,TD,Rec,Yds,TD,Int,Sk,College/Univ
1984,1,10,Russell Carter,DB,1989,0,0,3,18,64,,,,,,,,,,,,4,6.0,SMU
1984,1,15,Ron Faurot,DE,1985,0,0,1,6,20,,,,,,,,,,,,,2.0,Arkansas
1984,2,37,Jim Sweeney,C,1999,0,0,11,56,228,,,,,,,,,,,,,,Pittsburgh
1984,2,39,Glenn Dennison,TE,1987,0,0,0,3,18,,,,,,1,4,0,18,149,1,,,Miami (FL)
1984,3,64,Kyle Clifton,LB,1996,0,0,10,58,204,,,,,,,,,,,,12,5.5,TCU
1984,4,91,Bobby Bell,LB,1987,0,0,0,3,18,,,,,,,,,,,,,3.5,Missouri
1984,5,122,Tron Armstrong,WR,,0,0,0,,,,,,,,,,,,,,,,East. Kentucky
1984,6,149,Tony Paige,RB,1992,0,0,5,18,130,,,,,,272,853,20,197,1515,9,,,Virginia Tech
1984,7,176,Harry Hamilton,DB,1991,0,0,6,33,98,,,,,,,,,,,,23,1.0,Penn St.
1984,8,203,Billy Griggs,TE,1989,0,0,0,7,64,,,,,,,,,25,262,1,,,Virginia
1984,8,217,Brett Wright,P,,0,0,0,,,,,,,,,,,,,,,,SE Louisiana
1984,9,234,Tom Baldwin,NT,1988,0,0,0,8,64,,,,,,,,,,,,,3.5,Tulsa
1984,10,261,Ronny Cone,RB,,0,0,0,,,,,,,,,,,,,,,,Georgia Tech
1984,11,288,Dan Martin,T,,0,0,0,,,,,,,,,,,,,,,,Iowa St.
1984,12,315,David Roberson,WR,,0,0,0,,,,,,,,,,,,,,,,Houston
,,,,,,,,,,,Passing,Passing,Passing,Passing,Passing,Rushing,Rushing,Rushing,Receiving,Receiving,Receiving,,,
Year,Rnd,Pick,,Pos,To,AP1,PB,St,CarAV,G,Cmp,Att,Yds,TD,Int,Att,Yds,TD,Rec,Yds,TD,Int,Sk,College/Univ
1983,1,24,Ken O'Brien,QB,1993,0,2,7,72,129,2110,3602,25094,128,98,174,394,0,1,27,0,,,California-Davis
1983,2,51,Johnny Hector,RB,1992,0,0,1,39,126,0,1,0,0,0,1051,4280,41,188,1661,3,,,Texas A&M
1983,3,78,Jo-Jo Townsell,WR,1990,0,0,1,10,83,,,,,,2,0,0,70,1119,5,,,UCLA
1983,4,105,Wes Howell,TE,,0,0,0,,,,,,,,,,,,,,,,California
1983,5,136,John Walker,NT,1987,0,0,0,1,3,,,,,,,,,,,,,,Nebraska-Omaha
1983,6,163,Vincent White,RB,,0,0,0,,,,,,,,,,,,,,,,Stanford
1983,7,190,Darrin Newbold,LB,,0,0,0,,,,,,,,,,,,,,,,SW Missouri St.
1983,8,217,Davlin Mullen,DB,1986,0,0,1,5,42,,,,,,,,,,,,4,,West. Kentucky
1983,9,247,Bobby Humphery,DB,1990,0,0,3,24,104,,,,,,1,10,0,14,206,1,5,6.0,New Mexico St.
1983,10,274,Dan Fike,G,1993,0,0,7,41,115,,,,,,,,,,,,,,Florida
1983,11,301,Mike Harmon,WR,1983,0,0,0,0,9,,,,,,,,,1,4,0,,,Mississippi
1983,12,328,Stu Crum,K,,0,0,0,,,,,,,,,,,,,,,,Tulsa
,,,,,,,,,,,Passing,Passing,Passing,Passing,Passing,Rushing,Rushing,Rushing,Receiving,Receiving,Receiving,,,
Year,Rnd,Pick,,Pos,To,AP1,PB,St,CarAV,G,Cmp,Att,Yds,TD,Int,Att,Yds,TD,Rec,Yds,TD,Int,Sk,College/Univ
1982,1,23,Bob Crable,LB,1987,0,0,3,21,66,,,,,,,,,,,,3,10.0,Notre Dame
1982,2,51,Reggie McElroy,T,1996,0,0,6,40,165,,,,,,,,,,,,,,West Texas A&M
1982,3,79,Dwayne Crutchfield,RB,1984,0,0,1,11,34,,,,,,235,993,5,21,144,1,,,Iowa St.
1982,4,107,George Floyd,DB,1984,0,0,0,2,15,,,,,,,,,,,,,,East. Kentucky
1982,5,135,Mark Jerue,LB,1989,0,0,2,18,86,,,,,,,,,,,,3,0.5,Washington
1982,6,163,Lonell Phea,WR,,0,0,0,,,,,,,,,,,,,,,,Houston
1982,7,191,Tom Coombs,TE,1983,0,0,0,1,15,,,,,,,,,1,1,0,,,Idaho
1982,8,219,Lawrence Texada,RB,,0,0,0,,,,,,,,,,,,,,,,Henderson St.
1982,9,247,Rocky Klever,TE,1987,0,0,1,12,65,,,,,,,,,46,514,3,,,Montana
1982,10,275,Darryl Hemphill,DB,1982,0,0,0,0,3,,,,,,,,,,,,,,West Texas A&M
1982,11,302,Perry Parmelee,WR,,0,0,0,,,,,,,,,,,,,,,,Santa Clara
1982,12,330,Tom Carlstrom,G,,0,0,0,,,,,,,,,,,,,,,,Nebraska
,,,,,,,,,,,Passing,Passing,Passing,Passing,Passing,Rushing,Rushing,Rushing,Receiving,Receiving,Receiving,,,
Year,Rnd,Pick,,Pos,To,AP1,PB,St,CarAV,G,Cmp,Att,Yds,TD,Int,Att,Yds,TD,Rec,Yds,TD,Int,Sk,College/Univ
1981,1,3,Freeman McNeil,RB,1992,1,3,8,78,144,1,1,5,1,0,1798,8074,38,295,2961,12,,,UCLA
1981,2,30,Marion Barber,RB,1988,0,0,1,5,85,,,,,,74,317,3,25,209,1,,,Minnesota
1981,3,60,Ben Rudolph,DT,1986,0,0,0,12,88,,,,,,,,,,,,,6.5,Long Beach St.
1981,4,86,Al Washington,LB,1981,0,0,0,1,16,,,,,,,,,,,,,,Ohio St.
1981,5,113,Tyrone Keys,DE,1988,0,0,1,13,74,,,,,,,,,,,,,9.0,Mississippi St.
1981,6,142,John Woodring,LB,1985,0,0,0,10,52,,,,,,,,,,,,,1.0,Brown
1981,7,169,Kenny Neil,DE,1987,0,0,2,16,42,,,,,,,,,,,,,9.5,Iowa St.
1981,8,195,Lloyd Jones,WR,,0,0,0,,,,,,,,,,,,,,,,BYU
1981,8,213,J.C. Watts,DB,,0,0,0,,,,,,,,,,,,,,,,Oklahoma
1981,9,225,Admiral Dewey Larry,DB,,0,0,0,,,,,,,,,,,,,,,,UNLV
1981,10,251,Marty Wetzel,LB,1981,0,0,0,0,5,,,,,,,,,,,,,,Tulane
1981,11,278,Ed Gall,DT,,0,0,0,,,,,,,,,,,,,,,,Maryland
1981,12,308,Mike Moeller,T,,0,0,0,,,,,,,,,,,,,,,,Drake
,,,,,,,,,,,Passing,Passing,Passing,Passing,Passing,Rushing,Rushing,Rushing,Receiving,Receiving,Receiving,,,
Year,Rnd,Pick,,Pos,To,AP1,PB,St,CarAV,G,Cmp,Att,Yds,TD,Int,Att,Yds,TD,Rec,Yds,TD,Int,Sk,College/Univ
1980,1,2,Lam Jones,WR,1984,0,0,3,21,61,,,,,,9,17,0,138,2322,13,,,Texas
1980,2,40,Darrol Ray,DB,1984,0,0,5,34,72,,,,,,,,,,,,21,,Oklahoma
1980,2,47,Ralph Clayton,WR,1981,0,0,0,0,7,,,,,,,,,,,,,,Michigan
1980,3,69,Lance Mehl,LB,1987,0,1,6,49,97,,,,,,,,,,,,15,14.0,Penn St.
1980,4,95,Jesse Johnson,DB,1983,0,0,0,0,45,,,,,,,,,,,,,,Colorado
1980,5,123,Jim Zidd,LB,,0,0,0,,,,,,,,,,,,,,,,Kansas
1980,6,149,George Visger,DT,1980,0,0,0,0,3,,,,,,,,,,,,,,Colorado
1980,6,152,Tom Schremp,DE,,0,0,0,,,,,,,,,,,,,,,,Wisconsin
1980,7,178,Bobby Batton,RB,1980,0,0,0,0,8,,,,,,3,4,0,,,,,,UNLV
1980,7,190,Bennie Leverett,RB,,0,0,0,,,,,,,,,,,,,,,,Bethune-Cookman
1980,8,205,Jeff Dziama,LB,,0,0,0,,,,,,,,,,,,,,,,Boston Col.
1980,9,234,Joe Peters,DT,,0,0,0,,,,,,,,,,,,,,,,Arizona St.
1980,10,260,Guy Bingham,C,1993,0,0,1,21,199,,,,,,,,,,,,,,Montana
1980,11,290,James Zachery,LB,,0,0,0,,,,,,,,,,,,,,,,Texas A&M
1980,12,317,David Dumars,DB,,0,0,0,,,,,,,,,,,,,,,,La-Monroe
,,,,,,,,,,,Passing,Passing,Passing,Passing,Passing,Rushing,Rushing,Rushing,Receiving,Receiving,Receiving,,,
Year,Rnd,Pick,,Pos,To,AP1,PB,St,CarAV,G,Cmp,Att,Yds,TD,Int,Att,Yds,TD,Rec,Yds,TD,Int,Sk,College/Univ
1979,1,14,Marty Lyons,DE,1989,0,0,10,49,147,,,,,,,,,,,,,29.0,Alabama
1979,2,41,Mark Gastineau,DE,1988,3,5,7,79,137,,,,,,,,,,,,,74.0,
1979,3,68,Donald Dykes,DB,1982,0,0,1,12,47,,,,,,,,,,,,5,,SE Louisiana
1979,4,96,Eric Cunningham,G,1980,0,0,0,1,17,,,,,,,,,,,,,,Penn St.
1979,4,98,Johnny Lynn,DB,1986,0,0,2,23,97,,,,,,,,,,,,17,,UCLA
1979,5,123,Kelly Kirchbaum,LB,1987,0,0,0,0,4,,,,,,,,,,,,,,Kentucky
1979,5,125,Stan Blinka,LB,1983,0,0,4,28,72,,,,,,,,,,,,3,,Sam Houston St.
1979,6,149,Bill Dufek,G,,0,0,0,,,,,,,,,,,,,,,,Michigan
1979,7,179,Emmett King,RB,,0,0,0,,,,,,,,,,,,,,,,Houston
1979,7,187,Keith Brown,DB,,0,0,0,,,,,,,,,,,,,,,,Minnesota
1979,8,198,Marshall Harris,DE,1983,0,0,3,20,46,,,,,,,,,,,,,2.0,TCU
1979,8,205,Willie Beamon,LB,,0,0,0,,,,,,,,,,,,,,,,Boise St.
1979,9,232,Gordy Sprattler,RB,,0,0,0,,,,,,,,,,,,,,,,North Dakota St.
1979,10,262,Steve Sybeldon,T,,0,0,0,,,,,,,,,,,,,,,,North Dakota
1979,10,263,Ed McGlasson,C,1981,0,0,0,1,24,,,,,,,,,,,,,,Youngstown St.
1979,11,288,Dan Sanders,QB,,0,0,0,,,,,,,,,,,,,,,,Carson-Newman
1979,12,314,Paul Darby,WR,1980,0,0,0,1,23,,,,,,1,15,0,3,48,1,,,Texas St.
,,,,,,,,,,,Passing,Passing,Passing,Passing,Passing,Rushing,Rushing,Rushing,Receiving,Receiving,Receiving,,,
Year,Rnd,Pick,,Pos,To,AP1,PB,St,CarAV,G,Cmp,Att,Yds,TD,Int,Att,Yds,TD,Rec,Yds,TD,Int,Sk,College/Univ
1978,1,4,Chris Ward,T,1984,0,0,6,45,100,,,,,,,,,,,,,,Ohio St.
1978,2,31,Mark Merrill,LB,1984,0,0,0,11,68,,,,,,,,,,,,,,Minnesota
1978,3,61,Mickey Shuler,TE,1991,0,2,7,58,180,,,,,,,,,462,5100,37,,,Penn St.
1978,4,88,Dodie Donnell,RB,,0,0,0,,,,,,,,,,,,,,,,Nebraska
1978,5,113,Randy Sidler,LB,,0,0,0,,,,,,,,,,,,,,,,Penn St.
1978,6,140,Bobby Jackson,DB,1985,0,0,7,38,95,,,,,,,,,,,,21,,Florida St.
1978,6,142,Gregg Robinson,DE,1978,0,0,0,1,16,,,,,,,,,,,,,,Dartmouth
1978,7,169,Levi Armstrong,DB,,0,0,0,,,,,,,,,,,,,,,,UCLA
1978,7,170,Jim Earley,RB,1978,0,0,0,0,2,,,,,,,,,,,,,,Michigan St.
1978,8,197,Derrick Gaffney,WR,1987,0,0,4,25,100,,,,,,2,-2,0,156,2613,7,,,Florida
1978,8,203,Mike Mock,LB,1978,0,0,0,1,15,,,,,,,,,,,,,,Texas Tech
1978,8,213,Roy Eppes,DB,,0,0,0,,,,,,,,,,,,,,,,Clemson
1978,9,225,Reggie Grant,DB,1978,0,0,0,1,14,,,,,,,,,,,,,,Oregon
1978,9,227,Neil Hutton,DB,,0,0,0,,,,,,,,,,,,,,,,Penn St.
1978,10,254,Louis Richardson,DE,,0,0,0,,,,,,,,,,,,,,,,Florida St.
1978,11,281,Pat Ryan,QB,1991,0,0,1,13,145,364,657,4320,31,35,53,156,1,,,,,,Tennessee
1978,12,311,Alan Williams,P,,0,0,0,,,,,,,,,,,,,,,,Florida
,,,,,,,,,,,Passing,Passing,Passing,Passing,Passing,Rushing,Rushing,Rushing,Receiving,Receiving,Receiving,,,
Year,Rnd,Pick,,Pos,To,AP1,PB,St,CarAV,G,Cmp,Att,Yds,TD,Int,Att,Yds,TD,Rec,Yds,TD,Int,Sk,College/Univ
1977,1,4,Marvin Powell,T,1987,3,5,9,80,133,,,,,,,,,,,,,,USC
1977,2,33,Wesley Walker,WR,1989,1,2,11,73,154,,,,,,6,35,0,438,8306,71,,,California
1977,3,72,Tank Marshall,DT,1977,0,0,0,0,5,,,,,,,,,,,,,,Texas A&M
1977,4,90,Scott Dierking,RB,1984,0,0,4,29,110,0,1,0,0,0,734,2915,18,124,1028,5,,,Purdue
1977,5,116,Perry Griggs,WR,1977,0,0,0,0,1,,,,,,,,,,,,,,
1977,5,129,Gary Gregory,T,,0,0,0,,,,,,,,,,,,,,,,Baylor
1977,6,144,Joe Klecko,DT,1988,2,4,9,73,155,,,,,,,,,,,,,24.0,Temple
1977,7,168,Charlie White,RB,1978,0,0,0,2,20,,,,,,61,193,1,4,36,1,,,Bethune-Cookman
1977,7,171,Bob Grupp,P,1981,0,1,3,0,41,0,1,0,0,0,4,-33,0,,,,,,Duke
1977,7,195,Kevin Long,RB,1981,0,0,1,22,73,,,,,,574,2190,25,74,539,3,,,South Carolina
1977,8,200,Dan Alexander,G,1989,0,0,13,60,192,,,,,,,,,,,,,,LSU
1977,8,210,Ed Thompson,LB,,0,0,0,,,,,,,,,,,,,,,,Ohio St.
1977,9,227,Matt Robinson,QB,1982,0,0,1,13,69,244,523,3519,18,38,58,117,4,,,,,,Georgia
1977,10,256,John Hennessy,LB,1979,0,0,1,9,46,,,,,,,,,,,,,,Michigan
1977,11,307,Dave Butterfield,DB,,0,0,0,,,,,,,,,,,,,,,,Nebraska
1977,12,312,Phil Gargis,RB,,0,0,0,,,,,,,,,,,,,,,,Auburn
1977,12,313,Dave Conrad,T,,0,0,0,,,,,,,,,,,,,,,,Maryland
,,,,,,,,,,,Passing,Passing,Passing,Passing,Passing,Rushing,Rushing,Rushing,Receiving,Receiving,Receiving,,,
Year,Rnd,Pick,,Pos,To,AP1,PB,St,CarAV,G,Cmp,Att,Yds,TD,Int,Att,Yds,TD,Rec,Yds,TD,Int,Sk,College/Univ
1976,1,6,Richard Todd,QB,1985,0,0,7,63,119,1610,2967,20610,124,161,259,932,14,1,1,0,,,Alabama
1976,2,33,Shafer Suggs,DB,1980,0,0,4,20,60,,,,,,,,,,,,7,,Ball St.
1976,3,67,Greg Buttle,LB,1984,0,0,8,45,110,,,,,,1,26,0,,,,15,1.5,Penn St.
1976,5,129,Steve King,T,,0,0,0,,,,,,,,,,,,,,,,Michigan
1976,6,163,Bob Martin,LB,1979,0,0,2,14,49,,,,,,,,,,,,5,,Nebraska
1976,7,188,Abdul Salaam,DT,1983,0,0,6,36,97,,,,,,,,,,,,,2.5,Kent St.
1976,7,199,James Richards,RB,,0,0,0,,,,,,,,,,,,,,,,Florida
1976,8,211,Joe Davis,G,,0,0,0,,,,,,,,,,,,,,,,USC
1976,8,214,Louie Giammona,RB,1982,0,0,0,10,69,3,4,55,1,1,201,682,7,46,444,2,,,Utah St.
1976,9,244,Ronnie Moore,WR,,0,0,0,,,,,,,,,,,,,,,,VMI
1976,11,296,Lawrence Pillers,DE,1985,0,0,7,42,139,,,,,,,,,,,,1,11.0,Alcorn St.
1976,12,326,Don Buckey,WR,1976,0,0,0,0,4,,,,,,,,,5,36,0,,,North Carolina St.
1976,12,327,Dave Buckey,QB,,0,0,0,,,,,,,,,,,,,,,,North Carolina St.
1976,14,380,Al Gluchoski,C,,0,0,0,,,,,,,,,,,,,,,,West Virginia
1976,15,410,Rick Faulk,P,,0,0,0,,,,,,,,,,,,,,,,San Francisco St.
1976,16,437,James Godwin,RB,,0,0,0,,,,,,,,,,,,,,,,Fayetteville St.
1976,17,466,Darwin Willie,TE,,0,0,0,,,,,,,,,,,,,,,,Tulane
,,,,,,,,,,,Passing,Passing,Passing,Passing,Passing,Rushing,Rushing,Rushing,Receiving,Receiving,Receiving,,,
Year,Rnd,Pick,,Pos,To,AP1,PB,St,CarAV,G,Cmp,Att,Yds,TD,Int,Att,Yds,TD,Rec,Yds,TD,Int,Sk,College/Univ
1975,2,37,Anthony Davis,RB,1978,0,0,0,2,15,,,,,,98,304,1,8,91,0,,,USC
1975,3,68,Richard Wood,LB,1984,0,0,6,51,146,,,,,,,,,,,,9,,USC
1975,5,118,Joe Wysock,G,,0,0,0,,,,,,,,,,,,,,,,Miami (FL)
1975,6,153,Tom Alward,G,1976,0,0,1,2,14,,,,,,,,,,,,,,Nebraska
1975,8,193,James Scott,WR,1983,0,0,5,35,71,,,,,,2,-4,0,177,3202,20,,,
1975,9,224,Ed Taylor,DB,1981,0,0,4,20,86,,,,,,,,,,,,8,,Memphis
1975,10,249,Charles James,DB,,0,0,0,,,,,,,,,,,,,,,,Jackson St.
1975,11,274,Jon Bradford,RB,,0,0,0,,,,,,,,,,,,,,,,
1975,12,299,Bert Cooper,LB,1976,0,0,0,2,12,,,,,,,,,,,,,,Florida St.
1975,13,323,Dan Spivey,DT,,0,0,0,,,,,,,,,,,,,,,,Georgia
1975,14,349,Joe Fields,C,1988,1,2,12,68,186,,,,,,,,,,,,,,Widener
1975,15,380,Brison Manor,DE,1984,0,0,2,23,113,,,,,,,,,,,,1,6.0,Arkansas
1975,16,405,Greg Wells,G,,0,0,0,,,,,,,,,,,,,,,,
1975,17,430,Mike Bartoszek,TE,,0,0,0,,,,,,,,,,,,,,,,Ohio St.
,,,,,,,,,,,Passing,Passing,Passing,Passing,Passing,Rushing,Rushing,Rushing,Receiving,Receiving,Receiving,,,
Year,Rnd,Pick,,Pos,To,AP1,PB,St,CarAV,G,Cmp,Att,Yds,TD,Int,Att,Yds,TD,Rec,Yds,TD,Int,Sk,College/Univ
1974,1,6,Carl Barzilauskas,DT,1979,0,0,5,25,70,,,,,,,,,,,,1,,Indiana
1974,2,31,Gordie Browne,T,1975,0,0,0,2,23,,,,,,,,,,,,,,Boston Col.
1974,3,58,Godwin Turk,LB,1978,0,0,1,12,56,,,,,,,,,,,,4,,Saginaw Valley St.
1974,3,74,Roscoe Word,DB,1976,0,0,2,12,37,,,,,,,,,,,,3,,Jackson St.
1974,5,110,Gary Baccus,LB,,0,0,0,,,,,,,,,,,,,,,,Oklahoma
1974,6,135,Bill Wyman,C,,0,0,0,,,,,,,,,,,,,,,,Texas
1974,6,137,Wayne Jones,RB,,0,0,0,,,,,,,,,,,,,,,,Mississippi St.
1974,7,162,Burney Veazey,TE,,0,0,0,,,,,,,,,,,,,,,,Mississippi
1974,8,187,Greg Gantt,P,1975,0,0,2,0,28,1,1,1,0,0,,,,,,,,,Alabama
1974,8,192,Larry Lightfoot,RB,,0,0,0,,,,,,,,,,,,,,,,West Alabama
1974,8,197,Ron Rydalch,DT,1980,0,0,1,17,74,,,,,,,,,,,,,,Utah
1974,9,214,Robert Burns,RB,1974,0,0,0,3,14,,,,,,40,158,0,11,83,1,,,Georgia
1974,10,239,Sam Baker,G,,0,0,0,,,,,,,,,,,,,,,,Georgia
1974,11,266,Eugene Bird,DB,,0,0,0,,,,,,,,,,,,,,,,Southern Miss
1974,11,267,Bill Buckley,WR,,0,0,0,,,,,,,,,,,,,,,,Mississippi St.
1974,12,291,John Ricca,DE,,0,0,0,,,,,,,,,,,,,,,,Duke
1974,13,318,John Tate,LB,,0,0,0,,,,,,,,,,,,,,,,Jackson St.
1974,14,343,Greg Fountain,G,,0,0,0,,,,,,,,,,,,,,,,Mississippi St.
1974,15,370,Willie Brister,TE,1975,0,0,0,3,24,,,,,,,,,6,93,0,,,Saginaw Valley St.
1974,16,395,Jazz Jackson,RB,1976,0,0,0,2,33,,,,,,27,91,0,9,101,1,,,West. Kentucky
1974,17,422,Doug Lowrey,G,,0,0,0,,,,,,,,,,,,,,,,Arkansas St.
,,,,,,,,,,,Passing,Passing,Passing,Passing,Passing,Rushing,Rushing,Rushing,Receiving,Receiving,Receiving,,,
Year,Rnd,Pick,,Pos,To,AP1,PB,St,CarAV,G,Cmp,Att,Yds,TD,Int,Att,Yds,TD,Rec,Yds,TD,Int,Sk,College/Univ
1973,1,13,Burgess Owens,DB,1982,0,0,10,51,137,,,,,,,,,,,,30,,Miami (FL)
1973,2,38,Robert E. Woods,T,1980,0,0,6,38,99,,,,,,,,,,,,,,Tennessee St.
1973,4,90,Bill Ferguson,LB,1974,0,0,1,8,24,,,,,,,,,,,,,,San Diego St.
1973,5,116,Bruce Bannon,LB,1974,0,0,0,3,28,,,,,,,,,,,,,,Penn St.
1973,6,144,Travis Roach,G,1974,0,0,0,1,14,,,,,,,,,,,,,,Texas
1973,6,155,Rick Harrell,C,1973,0,0,0,0,4,,,,,,,,,,,,,,Clemson
1973,7,169,Mike Haggard,WR,,0,0,0,,,,,,,,,,,,,,,,South Carolina
1973,8,194,Rick Seifert,DB,,0,0,0,,,,,,,,,,,,,,,,Ohio St.
1973,9,222,Rob Spicer,LB,1973,0,0,0,2,13,,,,,,,,,,,,1,,Indiana
1973,10,243,Joe Carbone,LB,,0,0,0,,,,,,,,,,,,,,,,Delaware
1973,10,247,James Krempin,T,,0,0,0,,,,,,,,,,,,,,,,Texas A&M-Kingsville
1973,11,272,David Knight,WR,1977,0,0,2,13,58,,,,,,,,,73,1189,7,,,William & Mary
1973,12,300,Garry Puetz,G,1982,0,0,5,36,119,,,,,,,,,,,,,,Valparaiso
1973,13,325,Robert Parrish,DT,,0,0,0,,,,,,,,,,,,,,,,Duke
1973,14,350,Joe Schwartz,RB,,0,0,0,,,,,,,,,,,,,,,,Toledo
1973,15,378,Mahlon Williams,TE,,0,0,0,,,,,,,,,,,,,,,,North Carolina Central
1973,16,403,John Cerwinski,T,,0,0,0,,,,,,,,,,,,,,,,Bowling Green
1973,17,432,Jim Foote,P,,0,0,0,,,,,,,,,,,,,,,,Delaware Valley
,,,,,,,,,,,Passing,Passing,Passing,Passing,Passing,Rushing,Rushing,Rushing,Receiving,Receiving,Receiving,,,
Year,Rnd,Pick,,Pos,To,AP1,PB,St,CarAV,G,Cmp,Att,Yds,TD,Int,Att,Yds,TD,Rec,Yds,TD,Int,Sk,College/Univ
1972,1,9,Jerome Barkum,TE,1983,0,1,10,63,158,,,,,,3,-3,0,326,4789,40,,,Jackson St.
1972,1,20,Michael Taylor,LB,1973,0,0,0,3,22,,,,,,,,,,,,1,,Michigan
1972,3,66,Gary Hammond,WR,1976,0,0,0,2,49,1,2,81,0,0,7,24,0,9,64,0,,,SMU
1972,4,89,Ed Galigher,DT,1978,0,0,5,27,87,,,,,,,,,,,,,,UCLA
1972,5,114,Dick Harris,DB,,0,0,0,,,,,,,,,,,,,,,,South Carolina
1972,6,139,Joey Jackson,DE,1977,0,0,0,1,20,,,,,,,,,,,,,,New Mexico St.
1972,8,194,Marion Latimore,G,,0,0,0,,,,,,,,,,,,,,,,Kansas St.
1972,9,218,Jeff Ford,DB,,0,0,0,,,,,,,,,,,,,,,,Georgia Tech
1972,10,244,Rocky Turner,DB,1973,0,0,0,2,22,,,,,,,,,,,,,,Tenn-Chattanooga
1972,11,268,Robert Stevenson,LB,,0,0,0,,,,,,,,,,,,,,,,Tennessee St.
1972,12,299,Hank Bjorklund,RB,1974,0,0,0,3,30,,,,,,60,171,0,8,84,0,,,Princeton
1972,13,324,Steve Sullivan,T,,0,0,0,,,,,,,,,,,,,,,,North Texas
1972,14,349,Louis Age,G,,0,0,0,,,,,,,,,,,,,,,,La-Lafayette
1972,15,374,Phil Sullivan,DB,,0,0,0,,,,,,,,,,,,,,,,Georgia
1972,16,399,Gary Kipfmiller,C,,0,0,0,,,,,,,,,,,,,,,,Nebraska-Omaha
1972,17,429,Ken Gamble,P,,0,0,0,,,,,,,,,,,,,,,,Fayetteville St.
,,,,,,,,,,,Passing,Passing,Passing,Passing,Passing,Rushing,Rushing,Rushing,Receiving,Receiving,Receiving,,,
Year,Rnd,Pick,,Pos,To,AP1,PB,St,CarAV,G,Cmp,Att,Yds,TD,Int,Att,Yds,TD,Rec,Yds,TD,Int,Sk,College/Univ
1971,1,6,John Riggins HOF,RB,1985,1,1,12,91,175,0,2,0,0,0,2916,11352,104,250,2090,12,,,Kansas
1971,2,32,John Mooring,T,1974,0,0,0,5,53,,,,,,,,,,,,,,Tampa
1971,3,58,Chris Farasopoulos,DB,1974,0,0,2,16,42,,,,,,,,,,,,4,,BYU
1971,4,84,Willie Zapalac,LB,1973,0,0,0,3,33,,,,,,,,,,,,,,Texas
1971,6,136,Phil Wise,DB,1979,0,0,3,24,92,,,,,,,,,,,,6,,Nebraska-Omaha
1971,7,162,Scott Palmer,DT,1972,0,0,0,0,7,,,,,,,,,,,,,,Texas
1971,8,188,Roy Kirksey,G,1974,0,0,0,3,34,,,,,,,,,,,,,,Md-Eastern Shore
1971,9,214,John Curtis,TE,,0,0,0,,,,,,,,,,,,,,,,Springfield
1971,10,240,Jim Betts,DB,,0,0,0,,,,,,,,,,,,,,,,Michigan
1971,11,266,Vern Studdard,WR,1971,0,0,0,0,8,,,,,,,,,,,,,,Mississippi
1971,12,292,Rich Sowells,DB,1977,0,0,2,16,78,,,,,,,,,,,,10,,Alcorn St.
1971,13,318,John Eggold,DE,,0,0,0,,,,,,,,,,,,,,,,Arizona
1971,14,344,John Harpring,G,,0,0,0,,,,,,,,,,,,,,,,Michigan
1971,15,370,Dan Dyches,C,,0,0,0,,,,,,,,,,,,,,,,South Carolina
1971,16,396,Steve Harkey,RB,1972,0,0,0,4,25,,,,,,65,191,0,14,142,0,,,Georgia Tech
1971,17,422,Greg Flaska,DE,,0,0,0,,,,,,,,,,,,,,,,West. Michigan
,,,,,,,,,,,Passing,Passing,Passing,Passing,Passing,Rushing,Rushing,Rushing,Receiving,Receiving,Receiving,,,
Year,Rnd,Pick,,Pos,To,AP1,PB,St,CarAV,G,Cmp,Att,Yds,TD,Int,Att,Yds,TD,Rec,Yds,TD,Int,Sk,College/Univ
1970,1,20,Steve Tannen,DB,1974,0,0,3,20,61,,,,,,,,,,,,12,,Florida
1970,2,46,Rich Caster,TE,1982,0,3,8,72,161,,,,,,23,119,0,322,5515,45,,,Jackson St.
1970,3,72,Dennis Onkotz,LB,1970,0,0,0,1,9,,,,,,,,,,,,,,Penn St.
1970,4,98,John Ebersole,LB,1977,0,0,5,31,108,,,,,,,,,,,,8,,Penn St.
1970,5,108,Cliff McClain,RB,1973,0,0,0,6,46,0,1,0,0,0,79,445,2,13,151,0,,,South Carolina St.
1970,5,124,Gary Arthur,TE,1971,0,0,0,2,21,,,,,,,,,1,12,0,,,
1970,6,150,Terry Stewart,DB,,0,0,0,,,,,,,,,,,,,,,,Arkansas
1970,7,176,Jim Williams,DB,,0,0,0,,,,,,,,,,,,,,,,Virginia St.
1970,8,187,Jack Porter,C,1971,0,0,0,0,1,,,,,,,,,,,,,,Oklahoma
1970,8,202,Mark Lomas,DE,1974,0,0,5,32,67,,,,,,,,,,,,,,Northern Arizona
1970,9,228,Eddie Bell,WR,1976,0,0,3,21,86,0,1,0,0,1,3,-12,0,118,1774,12,,,Idaho St.
1970,10,254,Cleve Dickerson,RB,,0,0,0,,,,,,,,,,,,,,,,
1970,11,280,Earlie Thomas,DB,1975,0,0,4,27,71,,,,,,,,,,,,7,,Colorado St.
1970,12,306,Bill Pierson,C,,0,0,0,,,,,,,,,,,,,,,,San Diego St.
1970,13,332,Walter Groth,DT,,0,0,0,,,,,,,,,,,,,,,,Baylor
1970,14,358,John Little,DT,1977,0,0,3,25,110,,,,,,,,,,,,,,Oklahoma St.
1970,15,384,Tom Bayless,DT,1970,0,0,0,0,2,,,,,,,,,,,,,,Purdue
1970,17,418,Claude Herard,DT,,0,0,0,,,,,,,,,,,,,,,,Mississippi
1970,17,440,Dick Beard,RB,,0,0,0,,,,,,,,,,,,,,,,Kentucky
,,,,,,,,,,,Passing,Passing,Passing,Passing,Passing,Rushing,Rushing,Rushing,Receiving,Receiving,Receiving,,,
Year,Rnd,Pick,,Pos,To,AP1,PB,St,CarAV,G,Cmp,Att,Yds,TD,Int,Att,Yds,TD,Rec,Yds,TD,Int,Sk,College/Univ
1969,1,26,Dave Foley,T,1977,0,1,7,45,110,,,,,,,,,,,,,,Ohio St.
1969,2,52,Al Woodall,QB,1974,0,0,2,13,31,246,503,2970,18,23,60,214,0,,,,,,Duke
1969,4,104,Ezell Jones,T,1970,0,0,0,1,18,,,,,,,,,,,,,,Minnesota
1969,5,130,Chris Gilbert,RB,,0,0,0,,,,,,,,,,,,,,,,Texas
1969,6,156,Jimmie L. Jones,DE,1973,0,0,0,5,40,,,,,,,,,,,,,,Wichita St.
1969,7,182,Cliff Larson,DE,,0,0,0,,,,,,,,,,,,,,,,Houston
1969,8,208,Cecil Leonard,DB,1970,0,0,0,1,13,,,,,,,,,,,,,,Tuskegee
1969,9,233,Frank Peters,T,1969,0,0,0,0,3,,,,,,,,,,,,,,Ohio
1969,10,260,Mike Hall,LB,,0,0,0,,,,,,,,,,,,,,,,Alabama
1969,11,286,Gary Roberts,G,1970,0,0,0,1,11,,,,,,,,,,,,,,Purdue
1969,12,311,Mike Battle,DB,1970,0,0,0,2,28,,,,,,,,,1,2,0,1,,USC
1969,13,338,Steve O'Neal,P,1973,0,0,5,0,70,1,2,2,0,0,3,15,0,,,,,,Texas A&M
1969,14,364,Roger Finnie,T,1979,0,0,4,35,121,,,,,,,,,,,,,,Florida A&M
1969,15,390,Wayne Stewart,TE,1974,0,0,1,10,52,,,,,,,,,27,355,2,,,California
1969,16,416,George Nock,RB,1972,0,0,1,7,37,,,,,,192,556,8,24,190,3,,,Morgan St.
1969,17,442,Fred Zirkle,DT,,0,0,0,,,,,,,,,,,,,,,,Duke
,,,,,,,,,,,Passing,Passing,Passing,Passing,Passing,Rushing,Rushing,Rushing,Receiving,Receiving,Receiving,,,
Year,Rnd,Pick,,Pos,To,AP1,PB,St,CarAV,G,Cmp,Att,Yds,TD,Int,Att,Yds,TD,Rec,Yds,TD,Int,Sk,College/Univ
1968,1,17,Lee White,RB,1972,0,0,0,5,44,,,,,,123,389,0,16,143,1,,,Weber St.
1968,2,44,Steve Thompson,DT,1973,0,0,1,9,43,,,,,,,,,,,,,,Washington
1968,3,72,Sam Walton,T,1971,0,0,2,15,34,,,,,,,,,,,,,,Texas A&M-Commerce
1968,4,101,Gary Magner,DT,,0,0,0,,,,,,,,,,,,,,,,USC
1968,5,128,Lee Jacobsen,LB,,0,0,0,,,,,,,,,,,,,,,,Kearney St.
1968,7,182,Oscar Lubke,T,,0,0,0,,,,,,,,,,,,,,,,Ball St.
1968,8,200,Bob Taylor,RB,,0,0,0,,,,,,,,,,,,,,,,Md-Eastern Shore
1968,8,210,Jim Richards,DB,1969,0,0,1,8,26,,,,,,,,,,,,3,,Virginia Tech
1968,8,214,Karl Henke,DE,1969,0,0,1,4,16,,,,,,,,,,,,,,Tulsa
1968,9,236,Gary Houser,TE,,0,0,0,,,,,,,,,,,,,,,,Oregon St.
1968,10,264,Mike D'Amato,DB,1968,0,0,0,1,13,,,,,,,,,,,,,,Hofstra
1968,11,290,Henry Owens,FL,,0,0,0,,,,,,,,,,,,,,,,Weber St.
1968,12,318,Raymond Hayes,DT,1968,0,0,0,1,6,,,,,,,,,,,,,,Toledo
1968,13,344,Tom Myslinski,G,,0,0,0,,,,,,,,,,,,,,,,Maryland
1968,14,372,Harvey Nairn,RB,,0,0,0,,,,,,,,,,,,,,,,Southern
1968,15,398,Ronnie Ehrig,DB,,0,0,0,,,,,,,,,,,,,,,,Texas
1968,16,426,Tom Bilotta,G,,0,0,0,,,,,,,,,,,,,,,,Adams St.
1968,17,452,Myles Strasser,RB,,0,0,0,,,,,,,,,,,,,,,,Wisc-Oshkosh
,,,,,,,,,,,Passing,Passing,Passing,Passing,Passing,Rushing,Rushing,Rushing,Receiving,Receiving,Receiving,,,
Year,Rnd,Pick,,Pos,To,AP1,PB,St,CarAV,G,Cmp,Att,Yds,TD,Int,Att,Yds,TD,Rec,Yds,TD,Int,Sk,College/Univ
1967,1,12,Paul Seiler,C,1973,0,0,0,4,39,,,,,,,,,,,,,,Notre Dame
1967,2,37,Rich Sheron,TE,,0,0,0,,,,,,,,,,,,,,,,Washington St.
1967,3,66,Dennis Randall,DE,1968,0,0,0,2,20,,,,,,,,,,,,,,Oklahoma St.
1967,3,74,Henry King,DB,1967,0,0,0,1,13,,,,,,,,,,,,,,Utah St.
1967,4,92,Julian Gray,DB,,0,0,0,,,,,,,,,,,,,,,,Grambling St.
1967,5,117,Louis Jackson,DB,,0,0,0,,,,,,,,,,,,,,,,Grambling St.
1967,6,146,Jeff Richardson,T,1969,0,0,0,2,28,,,,,,,,,,,,,,Michigan St.
1967,7,171,John Elliott,DT,1973,1,3,5,47,85,,,,,,,,,,,,,,Texas
1967,8,196,Gene Bledsoe,G,,0,0,0,,,,,,,,,,,,,,,,Texas
1967,9,224,Ray Scott,DE,,0,0,0,,,,,,,,,,,,,,,,Prairie View
1967,10,249,Raymond Brown,DB,,0,0,0,,,,,,,,,,,,,,,,Alcorn St.
1967,11,274,Herb Slattery,G,,0,0,0,,,,,,,,,,,,,,,,Delaware
1967,12,302,Randy Rasmussen,G,1981,0,0,14,69,207,,,,,,,,,,,,,,Nebraska-Kearney
1967,13,327,Jack Emmer,FL,,0,0,0,,,,,,,,,,,,,,,,Rutgers
1967,14,352,Michael Stromberg,LB,1968,0,0,0,1,2,,,,,,,,,,,,,,Temple
1967,15,380,Jack Schweberger,FL,,0,0,0,,,,,,,,,,,,,,,,Vermont
1967,16,405,Doug Archibald,DB,,0,0,0,,,,,,,,,,,,,,,,Tennessee
1967,17,430,Bob Biletnikoff,QB,,0,0,0,,,,,,,,,,,,,,,,Miami (FL)
,,,,,,,,,,,Passing,Passing,Passing,Passing,Passing,Rushing,Rushing,Rushing,Receiving,Receiving,Receiving,,,
Year,Rnd,Pick,,Pos,To,AP1,PB,St,CarAV,G,Cmp,Att,Yds,TD,Int,Att,Yds,TD,Rec,Yds,TD,Int,Sk,College/Univ
1966,1,13,William Yearby,DE,1966,0,0,0,1,9,,,,,,,,,,,,,,Michigan
1966,2,14,Sam Ball,T,1970,0,0,3,25,61,,,,,,,,,,,,,,Kentucky
1966,3,22,Carl McAdams,DT,1969,0,0,0,7,26,,,,,,,,,,,,,,Oklahoma
1966,4,29,Jim Waskiewicz,C,1969,0,0,0,3,39,,,,,,,,,,,,,,Wichita St.
1966,4,30,Phil Sheridan,E,,0,0,0,,,,,,,,,,,,,,,,Notre Dame
1966,5,38,Ben Hawkins,WR,1974,0,0,6,45,104,,,,,,10,8,0,261,4764,32,,,Arizona St.
1966,6,46,Emerson Boozer,RB,1975,0,2,9,53,118,,,,,,1291,5135,52,139,1488,12,,,Md-Eastern Shore
1966,6,48,Dick Lemay,G,,0,0,0,,,,,,,,,,,,,,,,Vanderbilt
1966,7,55,Joe Dobson,T,,0,0,0,,,,,,,,,,,,,,,,Idaho
1966,8,68,Pete Lammons,TE,1972,0,1,6,37,95,,,,,,,,,185,2364,14,,,Texas
1966,9,78,James Jones,E,,0,0,0,,,,,,,,,,,,,,,,Nebraska-Omaha
1966,10,87,Bill Wolski,FB,1966,0,0,0,0,2,,,,,,,,,,,,,,Notre Dame
1966,11,93,Gerry Allen,RB,1969,0,0,2,9,28,,,,,,201,664,7,33,400,2,,,Nebraska-Omaha
1966,11,96,Bob Walton,T,,0,0,0,,,,,,,,,,,,,,,,Auburn
1966,12,103,Steve Chomyszak,DT,1973,0,0,4,30,79,,,,,,,,,,,,,,Syracuse
1966,12,105,Ken Hollister,DE,,0,0,0,,,,,,,,,,,,,,,,Indiana
1966,13,114,Stas Maliszewski,LB,,0,0,0,,,,,,,,,,,,,,,,Princeton
1966,14,123,Stan Quintana,DB,,0,0,0,,,,,,,,,,,,,,,,New Mexico
1966,15,132,Bill Cody,LB,1972,0,0,0,6,52,,,,,,,,,,,,,,Auburn
1966,16,141,Ron Acks,LB,1976,0,0,3,24,105,,,,,,,,,,,,2,,Illinois
1966,17,150,Tommy Tolleson,WR,1966,0,0,0,0,8,,,,,,,,,,,,,,Alabama
1966,18,159,Gerry Mosher,E,,0,0,0,,,,,,,,,,,,,,,,California
1966,19,168,Preston Ridlehuber,RB,1969,0,0,0,1,22,1,1,45,1,0,12,55,0,4,84,2,,,Georgia
1966,20,177,Randy Schultz,RB,1968,0,0,0,3,31,,,,,,82,301,2,26,220,0,,,Northern Iowa
,,,,,,,,,,,Passing,Passing,Passing,Passing,Passing,Rushing,Rushing,Rushing,Receiving,Receiving,Receiving,,,
Year,Rnd,Pick,,Pos,To,AP1,PB,St,CarAV,G,Cmp,Att,Yds,TD,Int,Att,Yds,TD,Rec,Yds,TD,Int,Sk,College/Univ
1965,1,1,Joe Namath HOF,QB,1977,1,5,9,94,140,1886,3762,27663,173,220,71,140,7,,,,,,Alabama
1965,1,4,Tom Nowatzke,FB,1972,0,0,1,22,96,,,,,,361,1249,13,100,605,4,1,,Indiana
1965,2,12,John Huarte,QB,1972,0,0,0,1,24,19,48,230,1,5,12,52,0,,,,,,Notre Dame
1965,3,20,Verlon Biggs,DE,1974,0,3,10,77,135,,,,,,,,,,,,1,,Jackson St.
1965,4,28,Bob Schweickert,QB,1967,0,0,0,0,6,,,,,,1,1,0,,,,,,Virginia Tech
1965,5,36,Glenn Sasser,DE,,0,0,0,,,,,,,,,,,,,,,,North Carolina St.
1965,6,44,Don Hoovler,LB,,0,0,0,,,,,,,,,,,,,,,,Ohio
1965,7,51,Archie Roberts,QB,1967,0,0,0,0,1,5,10,11,0,1,,,,,,,,,Columbia
1965,7,52,Jim Harris Jr.,DT,1967,0,0,3,22,42,,,,,,,,,,,,,,Utah St.
1965,8,60,Rick McCurdy,DE,,0,0,0,,,,,,,,,,,,,,,,Oklahoma
1965,9,68,Jimmy Sidle,RB,1966,0,0,0,0,6,,,,,,1,12,0,1,16,0,,,Auburn
1965,10,76,Frank Lambert,P,1966,0,0,2,0,28,,,,,,,,,,,,,,Mississippi
1965,11,84,Jim Gray,DB,1967,0,0,0,1,9,,,,,,,,,,,,,,Toledo
1965,12,92,John Berrington,LB,,0,0,0,,,,,,,,,,,,,,,,Iowa St.
1965,13,100,Sonny Utz,FB,,0,0,0,,,,,,,,,,,,,,,,Virginia Tech
1965,14,108,Gary Plumlee,DT,,0,0,0,,,,,,,,,,,,,,,,New Mexico
1965,15,116,Jim Burt,DB,,0,0,0,,,,,,,,,,,,,,,,West. Kentucky
1965,16,124,Seth Cartwright,DT,,0,0,0,,,,,,,,,,,,,,,,Prairie View
1965,17,132,Charlie Browning,HB,1965,0,0,0,0,1,,,,,,,,,,,,,,Washington
1965,19,148,Mitch Dudek,T,1966,0,0,0,1,14,,,,,,,,,,,,,,
1965,20,156,Troy Allen,DB,,0,0,0,,,,,,,,,,,,,,,,West. Michigan
,,,,,,,,,,,Passing,Passing,Passing,Passing,Passing,Rushing,Rushing,Rushing,Receiving,Receiving,Receiving,,,
Year,Rnd,Pick,,Pos,To,AP1,PB,St,CarAV,G,Cmp,Att,Yds,TD,Int,Att,Yds,TD,Rec,Yds,TD,Int,Sk,College/Univ
1964,1,3,Matt Snell,RB,1972,1,3,6,45,87,1,3,26,0,1,1057,4285,24,193,1375,7,,,Ohio St.
1964,2,11,Lloyd Voss,DE,1972,0,0,7,40,123,,,,,,,,,,,,1,,Nebraska
1964,3,19,Gerry Philbin,DE,1973,2,2,8,65,123,,,,,,,,,,,,1,,Buffalo
1964,4,27,Jim Evans,WR,1965,0,0,0,1,21,,,,,,,,,9,80,0,,,Texas-El Paso
1964,5,35,Ben McGee,DE,1972,0,2,8,56,120,,,,,,,,,,,,1,,Jackson St.
1964,6,43,Ralph Baker,LB,1974,0,0,10,63,142,,,,,,,,,,,,19,,Penn St.
1964,8,59,Steve Wright,T,1972,0,0,3,20,101,,,,,,,,,,,,,,Alabama
1964,9,67,Sherman Lewis,DB,1967,0,0,0,2,10,,,,,,,,,,,,,,Michigan St.
1964,10,75,Ken Bowman,C,1973,0,0,8,42,123,,,,,,,,,,,,,,Wisconsin
1964,11,83,Bob Lacey,WR,1964,0,0,0,0,1,,,,,,,,,,,,,,North Carolina
1964,12,91,Rudy Johnson,HB,1966,0,0,0,2,20,,,,,,25,60,1,8,70,0,,,Nebraska
1964,13,99,Jeff Ware,LB,,0,0,0,,,,,,,,,,,,,,,,Pittsburgh
1964,14,107,Charley Brooks,E,,0,0,0,,,,,,,,,,,,,,,,Memphis
1964,15,115,Herman Johnson,DB,,0,0,0,,,,,,,,,,,,,,,,Michigan St.
1964,16,123,Ray Popp,LB,,0,0,0,,,,,,,,,,,,,,,,Pittsburgh
1964,17,131,Bob Lehman,G,,0,0,0,,,,,,,,,,,,,,,,Notre Dame
1964,18,139,Bill Scott,G,,0,0,0,,,,,,,,,,,,,,,,Memphis
1964,19,147,Glen Condren,DT,1972,0,0,3,22,79,,,,,,,,,,,,,,Oklahoma
1964,20,155,Dick Shiner,QB,1974,0,0,2,19,99,354,736,4801,36,43,58,161,2,,,,,,Maryland
1964,21,163,Larry Hand,DE,1977,0,0,10,65,164,,,,,,,,,,,,5,,Appalachian St.
1964,22,171,Will Radosevich,T,,0,0,0,,,,,,,,,,,,,,,,Wyoming
1964,23,179,Cornell Gordon,DB,1972,0,0,2,22,83,,,,,,,,,,,,14,,North Carolina A&T
1964,24,187,Mike Mayne,E,,0,0,0,,,,,,,,,,,,,,,,Idaho
1964,25,195,Jerry Rhome,QB,1971,0,0,0,7,71,139,280,1628,7,14,26,91,1,,,,,,Tulsa
1964,26,203,John Butler,FB,,0,0,0,,,,,,,,,,,,,,,,San Diego St.
,,,,,,,,,,,Passing,Passing,Passing,Passing,Passing,Rushing,Rushing,Rushing,Receiving,Receiving,Receiving,,,
Year,Rnd,Pick,,Pos,To,AP1,PB,St,CarAV,G,Cmp,Att,Yds,TD,Int,Att,Yds,TD,Rec,Yds,TD,Int,Sk,College/Univ
1963,1,3,Jerry Stovall,DB,1971,0,3,9,48,97,,,,,,2,49,0,,,,18,,LSU
1963,3,19,Willie Richardson,FL,1971,1,2,3,37,109,,,,,,2,27,0,195,2950,25,,,Jackson St.
1963,4,27,John Contoulis,DT,1964,0,0,0,1,12,,,,,,,,,,,,,,Connecticut
1963,5,35,John Mackey HOF,TE,1972,3,5,8,75,139,,,,,,19,127,0,331,5236,38,,,Syracuse
1963,6,43,Jim Price,LB,1964,0,0,1,6,20,,,,,,,,,,,,1,,Auburn
1963,7,51,Louis Guy,DB,1964,0,0,0,4,11,,,,,,,,,,,,,,Mississippi
1963,8,59,Bill King,QB,,0,0,0,,,,,,,,,,,,,,,,Dartmouth
1963,9,67,Stan Sanders,E,,0,0,0,,,,,,,,,,,,,,,,Whittier
1963,10,75,Tony Liscio,T,1971,0,0,6,48,89,,,,,,,,,,,,,,Tulsa
1963,12,91,Joe Craver,LB,,0,0,0,,,,,,,,,,,,,,,,North Carolina
1963,12,96,Tommy Lucas,E,,0,0,0,,,,,,,,,,,,,,,,Texas
1963,13,99,Olin Hill,T,,0,0,0,,,,,,,,,,,,,,,,Furman
1963,15,115,Pete Liske,QB,1972,0,0,3,18,48,396,778,5170,30,46,38,141,2,,,,,,Penn St.
1963,16,123,Nick Ryder,FB,1964,0,0,0,3,24,,,,,,21,34,1,4,30,1,,,Miami (FL)
1963,17,131,Charley Johnson,G,,0,0,0,,,,,,,,,,,,,,,,Villanova
1963,18,139,Bill Munsey,HB,,0,0,0,,,,,,,,,,,,,,,,Minnesota
1963,19,147,Gary Kroner,DB,1967,0,0,2,2,31,,,,,,,,,,,,,,Wisconsin
1963,20,155,John Johnson,DT,1969,0,0,3,20,85,,,,,,,,,,,,,,Indiana
1963,21,163,Ron Vander Kelen,QB,1967,0,0,0,6,29,107,252,1375,6,11,26,116,1,,,,,,Wisconsin
1963,22,171,Bill Thornton,FB,1967,0,0,0,8,47,,,,,,93,544,2,13,68,0,,,Nebraska
1963,23,179,Lou Rettino,FB,,0,0,0,,,,,,,,,,,,,,,,Villanova
1963,24,187,Lowell Caylor,DB,1964,0,0,0,1,13,,,,,,,,,,,,,,
1963,25,195,Joe Baughan,T,,0,0,0,,,,,,,,,,,,,,,,Auburn
1963,26,203,Terry Monaghan,T,,0,0,0,,,,,,,,,,,,,,,,Penn St.
1963,27,211,Dave Herman,G,1973,0,2,9,54,128,,,,,,,,,,,,,,Michigan St.
1963,28,219,Mike Taliaferro,QB,1972,0,1,2,15,82,419,966,5241,36,63,46,134,0,,,,,,Illinois
1963,29,227,Paul Wicker,T,,0,0,0,,,,,,,,,,,,,,,,Fresno St.
,,,,,,,,,,,Passing,Passing,Passing,Passing,Passing,Rushing,Rushing,Rushing,Receiving,Receiving,Receiving,,,
Year,Rnd,Pick,,Pos,To,AP1,PB,St,CarAV,G,Cmp,Att,Yds,TD,Int,Att,Yds,TD,Rec,Yds,TD,Int,Sk,College/Univ
1962,1,5,Sandy Stephens,QB,,0,0,0,,,,,,,,,,,,,,,,Minnesota
1962,2,13,Alex Kroll,T,1962,0,0,1,5,14,,,,,,,,,,,,,,Rutgers
1962,3,21,Fate Echols,T,1963,0,0,0,0,8,,,,,,,,,,,,,,Northwestern
1962,4,29,Ed Blaine,G,1966,0,0,4,22,70,,,,,,,,,,,,,,Missouri
1962,5,37,Bobby Ply,DB,1967,0,0,0,6,77,,,,,,,,,,,,9,,Baylor
1962,6,45,Mel Melin,QB,,0,0,0,,,,,,,,,,,,,,,,Washington St.
1962,7,53,George Mans,E,,0,0,0,,,,,,,,,,,,,,,,Michigan
1962,8,61,John Lomakoski,T,1962,0,0,0,0,3,,,,,,,,,,,,,,West. Michigan
1962,9,69,Gary Barnes,WR,1967,0,0,0,6,60,,,,,,,,,41,583,2,,,Clemson
1962,10,77,Ted Stute,T,,0,0,0,,,,,,,,,,,,,,,,Ohio
1962,11,85,Curtis Miranda,C,,0,0,0,,,,,,,,,,,,,,,,Florida A&M
1962,12,90,Bill Winter,T,,0,0,0,,,,,,,,,,,,,,,,West Virginia
1962,13,101,Wilburn Hollis,QB,,0,0,0,,,,,,,,,,,,,,,,Iowa
1962,14,109,Bert Wilder,DE,1967,0,0,1,11,55,,,,,,,,,,,,,,North Carolina St.
1962,15,117,Sam Mudie,HB,,0,0,0,,,,,,,,,,,,,,,,Rutgers
1962,16,125,Jim Smith,T,,0,0,0,,,,,,,,,,,,,,,,Penn St.
1962,17,133,Al Miller,LB,1963,0,0,0,5,25,,,,,,,,,,,,,,Ohio
1962,18,141,Buddy Iles,E,,0,0,0,,,,,,,,,,,,,,,,TCU
1962,19,149,Reed Bohovich,G,1962,0,0,0,1,10,,,,,,,,,,,,,,Lehigh
1962,20,157,Judge Dickson,FB,,0,0,0,,,,,,,,,,,,,,,,Minnesota
1962,21,165,Ron Hatcher,FB,1962,0,0,0,0,3,,,,,,,,,,,,,,Michigan St.
1962,22,173,Tom Nolan,T,,0,0,0,,,,,,,,,,,,,,,,Widener
1962,23,181,John Kuprok,E,,0,0,0,,,,,,,,,,,,,,,,Pittsburgh
1962,24,189,Johnny Counts,HB,1963,0,0,0,2,17,,,,,,14,55,0,4,62,0,,,Illinois
1962,25,197,Russ Warren,HB,,0,0,0,,,,,,,,,,,,,,,,Columbia
1962,26,205,Chuck Morris,HB,,0,0,0,,,,,,,,,,,,,,,,Mississippi
1962,27,213,Jerry Archer,C,,0,0,0,,,,,,,,,,,,,,,,Pittsburg St.
1962,28,221,Walter Nikirk,T,,0,0,0,,,,,,,,,,,,,,,,Houston
1962,29,229,Frank Parker,DT,1969,0,0,1,18,78,,,,,,,,,,,,,,Oklahoma St.
1962,30,237,Mike McClellan,DB,1963,0,0,0,3,24,,,,,,,,,,,,4,,Oklahoma
1962,31,245,L.E. Hicks,T,,0,0,0,,,,,,,,,,,,,,,,Florida
1962,32,253,Don Jonas,HB,1962,0,0,0,0,1,,,,,,,,,,,,,,Penn St.
1962,33,261,Nick Maravich,T,,0,0,0,,,,,,,,,,,,,,,,North Carolina St.
1962,34,269,Dick Wilson,C,,0,0,0,,,,,,,,,,,,,,,,Penn St.
,,,,,,,,,,,Passing,Passing,Passing,Passing,Passing,Rushing,Rushing,Rushing,Receiving,Receiving,Receiving,,,
Year,Rnd,Pick,,Pos,To,AP1,PB,St,CarAV,G,Cmp,Att,Yds,TD,Int,Att,Yds,TD,Rec,Yds,TD,Int,Sk,College/Univ
1961,1,5,Tom Brown,G,,0,0,0,,,,,,,,,,,,,,,,Minnesota
1961,2,13,Herb Adderley HOF,DB,1972,4,5,12,117,164,,,,,,,,,,,,48,,Michigan St.
1961,5,37,Tom Matte,RB,1972,1,2,5,67,142,12,42,246,2,2,1200,4646,45,249,2869,12,,,Ohio St.
1961,6,45,Bill Brown,RB,1974,0,4,8,72,194,1,2,3,0,0,1649,5838,52,286,3183,23,,,Illinois
1961,7,53,Fred Mautino,E,,0,0,0,,,,,,,,,,,,,,,,Syracuse
1961,8,61,Harold Beaty,T,,0,0,0,,,,,,,,,,,,,,,,Oklahoma St.
1961,9,69,Bernie Casey,HB,1968,0,1,7,53,105,,,,,,1,23,0,359,5444,40,,,Bowling Green
1961,10,77,Joe Scibelli,G,1975,0,1,11,59,202,,,,,,,,,1,1,0,,,American Int.
1961,11,85,Art Gilmore,HB,,0,0,0,,,,,,,,,,,,,,,,Oregon St.
1961,12,93,Norris Stevenson,HB,,0,0,0,,,,,,,,,,,,,,,,Missouri
1961,13,101,Joe Wendryhoski,C,1968,0,0,2,12,59,,,,,,,,,,,,,,Illinois
1961,14,109,Jim Cunningham,FB,1963,0,0,0,7,42,,,,,,120,337,3,26,219,2,,,Pittsburgh
1961,15,117,Irv Cross,E,,0,0,0,,,,,,,,,,,,,,,,Northwestern
1961,16,125,Jerry Steffen,HB,,0,0,0,,,,,,,,,,,,,,,,Colorado
1961,17,133,Mike Pyle,T,,0,0,0,,,,,,,,,,,,,,,,Yale
1961,18,141,Alfred Bentley,E,,0,0,0,,,,,,,,,,,,,,,,Arkansas St.
1961,19,149,Jim Kerr,DB,1962,0,0,2,12,24,,,,,,,,,,,,8,,Penn St.
1961,20,157,Neil Plumley,T,,0,0,0,,,,,,,,,,,,,,,,Oregon St.
1961,21,165,Bob Brooks,FB,1961,0,0,0,1,14,,,,,,15,55,0,,,,,,Ohio
1961,22,173,Wayne Fontes,DB,1962,0,0,0,2,9,,,,,,,,,,,,4,,Michigan St.
1961,23,181,Mickey Walker,G,1965,0,0,0,4,52,,,,,,,,,,,,,,Michigan St.
1961,24,189,Howard Dyer,QB,,0,0,0,,,,,,,,,,,,,,,,VMI
1961,25,197,Andy Griffith,HB,,0,0,0,,,,,,,,,,,,,,,,American Int.
1961,26,205,Bobby Smith,DB,1966,0,0,3,17,69,,,,,,,,,,,,5,,UCLA
1961,27,213,Moses Gray,T,1962,0,0,0,0,5,,,,,,,,,,,,,,Indiana
1961,28,221,Fred Cox,K,1977,1,1,16,0,210,1,1,-1,0,0,,,,,,,,,Pittsburgh
1961,30,237,Bill Minnerly,HB,,0,0,0,,,,,,,,,,,,,,,,Connecticut
